{"type":"FeatureCollection", "features": [
{"type":"Feature","geometry":{"type":"Polygon","coordinates":[[[139.69058,35.657059],[139.689773,35.657039],[139.689415,35.65704],[139.689239,35.657031],[139.688997,35.657041],[139.688651,35.657039],[139.688479,35.657078],[139.688234,35.657115],[139.688266,35.657191],[139.687528,35.657495],[139.686661,35.657838],[139.686338,35.657987],[139.686056,35.658095],[139.685675,35.658252],[139.685376,35.658363],[139.684878,35.658466],[139.684376,35.658587],[139.684182,35.65867],[139.683822,35.658746],[139.683582,35.65876],[139.683458,35.658753],[139.683427,35.658696],[139.683258,35.658533],[139.683167,35.658422],[139.683106,35.658261],[139.683089,35.658219],[139.683035,35.657853],[139.682946,35.657368],[139.682942,35.657345],[139.682902,35.657197],[139.682861,35.656937],[139.682875,35.656718],[139.682884,35.656445],[139.682902,35.656226],[139.682939,35.655706],[139.68297,35.655708],[139.683225,35.655724],[139.683411,35.655736],[139.683445,35.655739],[139.683643,35.655756],[139.68395,35.655779],[139.684038,35.655788],[139.684433,35.655822],[139.684657,35.655837],[139.68483,35.655836],[139.685024,35.655819],[139.685247,35.655763],[139.68547,35.655691],[139.685745,35.655577],[139.68626,35.655384],[139.686469,35.655361],[139.686654,35.655342],[139.687095,35.655325],[139.687256,35.655323],[139.687535,35.655299],[139.687607,35.655293],[139.688131,35.65537],[139.688152,35.655373],[139.688573,35.655424],[139.688815,35.655435],[139.688844,35.655437],[139.68909,35.655439],[139.689166,35.655436],[139.68935,35.655429],[139.68962,35.655408],[139.690048,35.65532],[139.69008,35.655364],[139.690178,35.65558],[139.69021,35.655652],[139.690277,35.655801],[139.690291,35.655835],[139.690471,35.656214],[139.690633,35.656553],[139.690741,35.65678],[139.690754,35.656816],[139.690741,35.656834],[139.69058,35.657059]]]},"properties":{"KEY_CODE":"13110001001","S_NAME":"駒場一丁目","JINKO":4254,"SETAI":2490}},
{"type":"Feature","geometry":{"type":"Polygon","coordinates":[[[139.683458,35.658753],[139.683369,35.658731],[139.683224,35.658752],[139.682952,35.658808],[139.682729,35.658901],[139.682594,35.65895],[139.68223,35.659026],[139.681983,35.659063],[139.68125,35.659185],[139.680992,35.65923],[139.680543,35.659308],[139.679709,35.659452],[139.678964,35.659584],[139.678695,35.659606],[139.67817,35.65964],[139.677777,35.659676],[139.677856,35.65954],[139.678052,35.659184],[139.678185,35.658965],[139.678244,35.658832],[139.678398,35.658598],[139.6787,35.658271],[139.678859,35.658084],[139.679276,35.657473],[139.679534,35.657094],[139.680163,35.656723],[139.680358,35.65664],[139.68055,35.656599],[139.680583,35.655681],[139.680999,35.655642],[139.681307,35.65561],[139.681455,35.655594],[139.681758,35.655594],[139.682569,35.655674],[139.682884,35.655693],[139.682939,35.655706],[139.682902,35.656226],[139.682884,35.656445],[139.682875,35.656718],[139.682861,35.656937],[139.682902,35.657197],[139.682942,35.657345],[139.682946,35.657368],[139.683035,35.657853],[139.683089,35.658219],[139.683106,35.658261],[139.683167,35.658422],[139.683258,35.658533],[139.683427,35.658696],[139.683458,35.658753]]]},"properties":{"KEY_CODE":"13110001002","S_NAME":"駒場二丁目","JINKO":599,"SETAI":348}},
{"type":"Feature","geometry":{"type":"Polygon","coordinates":[[[139.69058,35.657059],[139.690523,35.657139],[139.69034,35.657394],[139.690151,35.657657],[139.690038,35.65779],[139.689613,35.658276],[139.689595,35.658319],[139.689456,35.658451],[139.68937,35.658412],[139.689347,35.658406],[139.689212,35.658512],[139.689019,35.658728],[139.688998,35.658787],[139.68896,35.658907],[139.688872,35.659089],[139.688799,35.659173],[139.688704,35.659364],[139.688579,35.659594],[139.688524,35.659715],[139.688436,35.65981],[139.688351,35.65986],[139.688207,35.659995],[139.688212,35.660078],[139.688365,35.660178],[139.688152,35.660723],[139.687997,35.661067],[139.687778,35.661244],[139.687324,35.661612],[139.687235,35.661687],[139.687164,35.661656],[139.687155,35.661652],[139.687065,35.661752],[139.686803,35.662012],[139.686639,35.662067],[139.68596,35.662231],[139.685774,35.662271],[139.685731,35.662302],[139.685828,35.662464],[139.685265,35.662658],[139.684057,35.663073],[139.684047,35.663076],[139.683924,35.663069],[139.683872,35.66309],[139.683564,35.663066],[139.683178,35.663035],[139.682962,35.663017],[139.682852,35.663031],[139.682674,35.66305],[139.682425,35.663088],[139.682213,35.66314],[139.681919,35.663246],[139.68167,35.662221],[139.681463,35.661445],[139.681428,35.6613],[139.681322,35.660927],[139.681284,35.660756],[139.681279,35.660737],[139.681022,35.659742],[139.68129,35.659629],[139.68145,35.659432],[139.681319,35.659318],[139.68125,35.659185],[139.681983,35.659063],[139.68223,35.659026],[139.682594,35.65895],[139.682729,35.658901],[139.682952,35.658808],[139.683224,35.658752],[139.683369,35.658731],[139.683458,35.658753],[139.683582,35.65876],[139.683822,35.658746],[139.684182,35.65867],[139.684376,35.658587],[139.684878,35.658466],[139.685376,35.658363],[139.685675,35.658252],[139.686056,35.658095],[139.686338,35.657987],[139.686661,35.657838],[139.687528,35.657495],[139.688266,35.657191],[139.688234,35.657115],[139.688479,35.657078],[139.688651,35.657039],[139.688997,35.657041],[139.689239,35.657031],[139.689415,35.65704],[139.689773,35.657039],[139.69058,35.657059]]]},"properties":{"KEY_CODE":"13110001003","S_NAME":"駒場三丁目","JINKO":853,"SETAI":453}},
{"type":"Feature","geometry":{"type":"Polygon","coordinates":[[[139.681919,35.663246],[139.681689,35.663357],[139.681463,35.663453],[139.680983,35.663654],[139.680727,35.663762],[139.680602,35.663813],[139.680151,35.663927],[139.679673,35.664012],[139.679536,35.664027],[139.678998,35.664071],[139.678817,35.664081],[139.678563,35.664094],[139.678299,35.664106],[139.677694,35.664134],[139.677323,35.664118],[139.677245,35.664114],[139.677055,35.664106],[139.676717,35.664095],[139.676328,35.664072],[139.675695,35.664037],[139.675116,35.664029],[139.675069,35.664076],[139.674867,35.66416],[139.674744,35.663972],[139.674782,35.663939],[139.674982,35.663761],[139.675048,35.663786],[139.675192,35.663639],[139.675283,35.663551],[139.67563,35.66324],[139.675895,35.662852],[139.675935,35.662764],[139.675959,35.662681],[139.676016,35.662494],[139.676086,35.662262],[139.676171,35.661927],[139.676222,35.661581],[139.67628,35.66136],[139.676322,35.661195],[139.67643,35.660771],[139.676529,35.660348],[139.676619,35.659929],[139.676863,35.6599],[139.677649,35.659839],[139.677777,35.659676],[139.67817,35.65964],[139.678695,35.659606],[139.678964,35.659584],[139.679709,35.659452],[139.680543,35.659308],[139.680992,35.65923],[139.68125,35.659185],[139.681319,35.659318],[139.68145,35.659432],[139.68129,35.659629],[139.681022,35.659742],[139.681279,35.660737],[139.681284,35.660756],[139.681322,35.660927],[139.681428,35.6613],[139.681463,35.661445],[139.68167,35.662221],[139.681919,35.663246]]]},"properties":{"KEY_CODE":"13110001004","S_NAME":"駒場四丁目","JINKO":1301,"SETAI":663}},
{"type":"Feature","geometry":{"type":"Polygon","coordinates":[[[139.700195,35.647331],[139.700195,35.647366],[139.7002,35.647457],[139.700204,35.647469],[139.70021,35.647485],[139.700214,35.647504],[139.700215,35.647528],[139.700214,35.647558],[139.700214,35.647585],[139.700217,35.647607],[139.700213,35.647624],[139.7001,35.647583],[139.699595,35.647861],[139.699805,35.648123],[139.6996,35.648262],[139.699422,35.648377],[139.699357,35.648295],[139.698922,35.648532],[139.699115,35.648735],[139.69908,35.648763],[139.699092,35.648804],[139.698961,35.648888],[139.698549,35.649177],[139.698225,35.649417],[139.697445,35.65011],[139.697256,35.650276],[139.697039,35.650465],[139.696878,35.650606],[139.696824,35.650608],[139.696663,35.650355],[139.696337,35.649891],[139.696194,35.649732],[139.696133,35.649651],[139.695867,35.649329],[139.695609,35.64904],[139.69544,35.648923],[139.695175,35.648816],[139.694881,35.648737],[139.69486,35.648734],[139.694666,35.648669],[139.694435,35.648414],[139.694422,35.6484],[139.694174,35.648108],[139.694151,35.648097],[139.693819,35.647734],[139.693845,35.647727],[139.694588,35.6473],[139.694589,35.647289],[139.69503,35.647024],[139.695383,35.646812],[139.696017,35.64645],[139.696127,35.646385],[139.696346,35.646256],[139.696642,35.646083],[139.696686,35.646057],[139.696893,35.645936],[139.697078,35.64582],[139.697174,35.64576],[139.697298,35.645675],[139.697522,35.645958],[139.697848,35.646382],[139.697949,35.646515],[139.698141,35.646813],[139.698197,35.646902],[139.698313,35.647083],[139.698505,35.647321],[139.69903,35.647182],[139.699082,35.647163],[139.699122,35.647147],[139.699349,35.647212],[139.69953,35.647232],[139.699726,35.647231],[139.70001,35.647309],[139.700195,35.647331]]]},"properties":{"KEY_CODE":"13110002001","S_NAME":"青葉台一丁目","JINKO":2550,"SETAI":1463}},
{"type":"Feature","geometry":{"type":"Polygon","coordinates":[[[139.696878,35.650606],[139.696841,35.65064],[139.696729,35.650742],[139.696676,35.650743],[139.696584,35.650738],[139.69658,35.650737],[139.69651,35.650747],[139.696079,35.650863],[139.696156,35.650954],[139.69547,35.651598],[139.695686,35.651745],[139.695467,35.651929],[139.694923,35.652419],[139.694547,35.652759],[139.694172,35.6531],[139.693919,35.653331],[139.693167,35.652782],[139.693191,35.652764],[139.69311,35.652131],[139.693068,35.651776],[139.693096,35.651722],[139.693145,35.651661],[139.693623,35.651232],[139.692887,35.650537],[139.692763,35.650419],[139.692795,35.650312],[139.69281,35.650152],[139.69282,35.650077],[139.69278,35.649991],[139.692648,35.649779],[139.692535,35.649544],[139.692158,35.64873],[139.69306,35.648196],[139.693786,35.647749],[139.693819,35.647734],[139.694151,35.648097],[139.694174,35.648108],[139.694422,35.6484],[139.694435,35.648414],[139.694666,35.648669],[139.69486,35.648734],[139.694881,35.648737],[139.695175,35.648816],[139.69544,35.648923],[139.695609,35.64904],[139.695867,35.649329],[139.696133,35.649651],[139.696194,35.649732],[139.696337,35.649891],[139.696663,35.650355],[139.696824,35.650608],[139.696878,35.650606]]]},"properties":{"KEY_CODE":"13110002002","S_NAME":"青葉台二丁目","JINKO":939,"SETAI":485}},
{"type":"Feature","geometry":{"type":"Polygon","coordinates":[[[139.692158,35.64873],[139.692535,35.649544],[139.692648,35.649779],[139.69278,35.649991],[139.69282,35.650077],[139.69281,35.650152],[139.692795,35.650312],[139.692763,35.650419],[139.692887,35.650537],[139.693623,35.651232],[139.693145,35.651661],[139.693096,35.651722],[139.693068,35.651776],[139.69311,35.652131],[139.693191,35.652764],[139.693167,35.652782],[139.693919,35.653331],[139.693417,35.653789],[139.693372,35.65383],[139.693099,35.653705],[139.693065,35.65369],[139.69288,35.653605],[139.692849,35.653591],[139.692617,35.653491],[139.692379,35.65342],[139.692148,35.653361],[139.692054,35.653331],[139.69187,35.653274],[139.691732,35.653232],[139.69152,35.653167],[139.691371,35.653122],[139.691343,35.653113],[139.690523,35.652883],[139.690085,35.652761],[139.689948,35.65272],[139.689452,35.652562],[139.68945,35.652544],[139.689468,35.652192],[139.689472,35.651929],[139.689467,35.651774],[139.689494,35.651457],[139.689499,35.65096],[139.689495,35.650931],[139.689494,35.650818],[139.689513,35.650786],[139.68969,35.65063],[139.689807,35.650528],[139.68989,35.650446],[139.690059,35.650291],[139.690425,35.649947],[139.690656,35.649733],[139.690792,35.649614],[139.690998,35.649433],[139.691388,35.649144],[139.691656,35.649],[139.692158,35.64873]]]},"properties":{"KEY_CODE":"13110002003","S_NAME":"青葉台三丁目","JINKO":3168,"SETAI":1895}},
{"type":"Feature","geometry":{"type":"Polygon","coordinates":[[[139.693372,35.65383],[139.692975,35.654218],[139.692822,35.654423],[139.692678,35.654617],[139.692638,35.654671],[139.692609,35.65471],[139.692597,35.654725],[139.692561,35.654773],[139.692385,35.654993],[139.692043,35.655421],[139.691948,35.655415],[139.691864,35.655529],[139.691819,35.655516],[139.691671,35.655704],[139.691594,35.655823],[139.691546,35.655899],[139.691144,35.656369],[139.690901,35.656647],[139.690754,35.656816],[139.690741,35.65678],[139.690633,35.656553],[139.690471,35.656214],[139.690291,35.655835],[139.690277,35.655801],[139.69021,35.655652],[139.690178,35.65558],[139.69008,35.655364],[139.690048,35.65532],[139.68996,35.655179],[139.689953,35.655163],[139.689828,35.65488],[139.689653,35.654496],[139.689554,35.654307],[139.689498,35.654157],[139.689462,35.654004],[139.689429,35.653905],[139.689407,35.653754],[139.689402,35.6533],[139.689419,35.653029],[139.689452,35.652562],[139.689948,35.65272],[139.690085,35.652761],[139.690523,35.652883],[139.691343,35.653113],[139.691371,35.653122],[139.69152,35.653167],[139.691732,35.653232],[139.69187,35.653274],[139.692054,35.653331],[139.692148,35.653361],[139.692379,35.65342],[139.692617,35.653491],[139.692849,35.653591],[139.69288,35.653605],[139.693065,35.65369],[139.693099,35.653705],[139.693372,35.65383]]]},"properties":{"KEY_CODE":"13110002004","S_NAME":"青葉台四丁目","JINKO":1907,"SETAI":1166}},
{"type":"Feature","geometry":{"type":"Polygon","coordinates":[[[139.696893,35.645936],[139.696686,35.646057],[139.696642,35.646083],[139.696346,35.646256],[139.696127,35.646385],[139.696017,35.64645],[139.695383,35.646812],[139.69503,35.647024],[139.694589,35.647289],[139.694588,35.6473],[139.693845,35.647727],[139.693819,35.647734],[139.693786,35.647749],[139.69306,35.648196],[139.692158,35.64873],[139.692025,35.648459],[139.691915,35.648305],[139.691805,35.648294],[139.691772,35.648223],[139.691634,35.648074],[139.691524,35.648008],[139.691309,35.64792],[139.691202,35.647849],[139.690992,35.647657],[139.690898,35.647583],[139.690741,35.647387],[139.690507,35.647084],[139.690459,35.647024],[139.69,35.646571],[139.689639,35.646103],[139.689524,35.64608],[139.689313,35.646068],[139.689078,35.646056],[139.689008,35.646049],[139.688843,35.646032],[139.688685,35.646008],[139.688253,35.645943],[139.688158,35.645877],[139.688699,35.645617],[139.688792,35.645569],[139.688957,35.645456],[139.68899,35.645421],[139.688997,35.645402],[139.689056,35.645228],[139.689156,35.645062],[139.689253,35.644948],[139.689472,35.64481],[139.689679,35.644661],[139.689755,35.64457],[139.690096,35.644215],[139.690431,35.644276],[139.690589,35.644267],[139.69067,35.64426],[139.690841,35.644229],[139.691087,35.644207],[139.691292,35.644214],[139.69134,35.644216],[139.691562,35.644236],[139.69183,35.644294],[139.691895,35.644373],[139.692154,35.644656],[139.692481,35.644968],[139.692645,35.645132],[139.692823,35.645301],[139.692907,35.64538],[139.692958,35.645429],[139.693031,35.645498],[139.693071,35.645533],[139.693317,35.645748],[139.69358,35.645882],[139.693935,35.646018],[139.694196,35.646074],[139.694426,35.646098],[139.6947,35.646052],[139.69489,35.646],[139.695182,35.646067],[139.695397,35.646071],[139.695591,35.646016],[139.69562,35.646007],[139.695966,35.645909],[139.696269,35.645806],[139.696324,35.645789],[139.696499,35.645757],[139.696705,35.645746],[139.69699,35.645746],[139.697174,35.64576],[139.697078,35.64582],[139.696893,35.645936]]]},"properties":{"KEY_CODE":"13110003001","S_NAME":"東山一丁目","JINKO":3920,"SETAI":2207}},
{"type":"Feature","geometry":{"type":"Polygon","coordinates":[[[139.692158,35.64873],[139.691656,35.649],[139.691388,35.649144],[139.690998,35.649433],[139.690792,35.649614],[139.690656,35.649733],[139.690425,35.649947],[139.689941,35.649962],[139.689865,35.649964],[139.689528,35.649974],[139.689063,35.649988],[139.689056,35.649923],[139.68905,35.649532],[139.68903,35.649105],[139.689026,35.649062],[139.68902,35.648898],[139.689016,35.648725],[139.689016,35.648715],[139.688726,35.648756],[139.688568,35.648749],[139.688368,35.648755],[139.688218,35.648488],[139.688004,35.648522],[139.68749,35.648539],[139.687265,35.648563],[139.687118,35.648557],[139.687286,35.648205],[139.68742,35.647903],[139.687504,35.64774],[139.686899,35.647542],[139.686374,35.647366],[139.686061,35.647267],[139.685696,35.647149],[139.685346,35.64705],[139.685121,35.646973],[139.684708,35.646831],[139.684481,35.646753],[139.6844,35.646663],[139.684405,35.646488],[139.684403,35.646432],[139.684412,35.646191],[139.684417,35.646031],[139.684936,35.646206],[139.685174,35.64572],[139.685486,35.645111],[139.685547,35.64498],[139.685353,35.644919],[139.685239,35.644879],[139.685074,35.644825],[139.684781,35.644733],[139.684612,35.644677],[139.684519,35.644643],[139.684463,35.644625],[139.684237,35.64455],[139.684366,35.6442],[139.6846,35.643551],[139.684916,35.642855],[139.685554,35.643056],[139.685699,35.643022],[139.686018,35.642966],[139.686224,35.64341],[139.686435,35.64383],[139.686533,35.64398],[139.686746,35.644267],[139.687126,35.644779],[139.687346,35.644683],[139.687434,35.64481],[139.687528,35.644954],[139.687701,35.645206],[139.688135,35.645855],[139.688158,35.645877],[139.688253,35.645943],[139.688685,35.646008],[139.688843,35.646032],[139.689008,35.646049],[139.689078,35.646056],[139.689313,35.646068],[139.689524,35.64608],[139.689639,35.646103],[139.69,35.646571],[139.690459,35.647024],[139.690507,35.647084],[139.690741,35.647387],[139.690898,35.647583],[139.690992,35.647657],[139.691202,35.647849],[139.691309,35.64792],[139.691524,35.648008],[139.691634,35.648074],[139.691772,35.648223],[139.691805,35.648294],[139.691915,35.648305],[139.692025,35.648459],[139.692158,35.64873]]]},"properties":{"KEY_CODE":"13110003002","S_NAME":"東山二丁目","JINKO":6623,"SETAI":2574}},
{"type":"Feature","geometry":{"type":"Polygon","coordinates":[[[139.689016,35.648725],[139.68902,35.648898],[139.689026,35.649062],[139.68903,35.649105],[139.68905,35.649532],[139.689056,35.649923],[139.689063,35.649988],[139.688598,35.649995],[139.688255,35.650009],[139.688244,35.65001],[139.68804,35.650026],[139.687836,35.650069],[139.687597,35.650141],[139.687527,35.65016],[139.687215,35.650307],[139.687043,35.650418],[139.686502,35.650829],[139.686005,35.651212],[139.685979,35.651227],[139.685924,35.651184],[139.685689,35.651066],[139.685098,35.650767],[139.684714,35.650567],[139.684526,35.650526],[139.684464,35.650297],[139.684359,35.650149],[139.684267,35.650054],[139.68435,35.649964],[139.684332,35.649868],[139.684166,35.649534],[139.684095,35.649392],[139.684063,35.649282],[139.684061,35.649225],[139.684074,35.64898],[139.684167,35.648561],[139.684179,35.648503],[139.684242,35.648237],[139.684276,35.648094],[139.684367,35.647573],[139.684383,35.64753],[139.684447,35.647318],[139.684442,35.647265],[139.684525,35.64681],[139.684481,35.646753],[139.684708,35.646831],[139.685121,35.646973],[139.685346,35.64705],[139.685696,35.647149],[139.686061,35.647267],[139.686374,35.647366],[139.686899,35.647542],[139.687504,35.64774],[139.68742,35.647903],[139.687286,35.648205],[139.687118,35.648557],[139.687265,35.648563],[139.68749,35.648539],[139.688004,35.648522],[139.688218,35.648488],[139.688368,35.648755],[139.688568,35.648749],[139.688726,35.648756],[139.689016,35.648715],[139.689016,35.648725]]]},"properties":{"KEY_CODE":"13110003003","S_NAME":"東山三丁目","JINKO":3551,"SETAI":1896}},
{"type":"Feature","geometry":{"type":"Polygon","coordinates":[[[139.690425,35.649947],[139.690059,35.650291],[139.68989,35.650446],[139.689807,35.650528],[139.68969,35.65063],[139.689513,35.650786],[139.689494,35.650818],[139.689495,35.650931],[139.689499,35.65096],[139.689494,35.651457],[139.689467,35.651774],[139.689472,35.651929],[139.689468,35.652192],[139.68945,35.652544],[139.688572,35.652267],[139.688489,35.652241],[139.688258,35.652168],[139.687885,35.652048],[139.687768,35.652014],[139.68776,35.652011],[139.687348,35.651866],[139.687204,35.651816],[139.686957,35.65172],[139.686956,35.65172],[139.686654,35.651581],[139.68658,35.651547],[139.686301,35.65141],[139.686028,35.651253],[139.685979,35.651227],[139.686005,35.651212],[139.686502,35.650829],[139.687043,35.650418],[139.687215,35.650307],[139.687527,35.65016],[139.687597,35.650141],[139.687836,35.650069],[139.68804,35.650026],[139.688244,35.65001],[139.688255,35.650009],[139.688598,35.649995],[139.689063,35.649988],[139.689528,35.649974],[139.689865,35.649964],[139.689941,35.649962],[139.690425,35.649947]]]},"properties":{"KEY_CODE":"13110004001","S_NAME":"大橋一丁目","JINKO":2795,"SETAI":1757}},
{"type":"Feature","geometry":{"type":"Polygon","coordinates":[[[139.689166,35.655436],[139.68909,35.655439],[139.688844,35.655437],[139.688815,35.655435],[139.688573,35.655424],[139.688152,35.655373],[139.688131,35.65537],[139.687607,35.655293],[139.687535,35.655299],[139.687256,35.655323],[139.687095,35.655325],[139.686654,35.655342],[139.686469,35.655361],[139.68626,35.655384],[139.685745,35.655577],[139.68547,35.655691],[139.685247,35.655763],[139.685024,35.655819],[139.68483,35.655836],[139.684657,35.655837],[139.684433,35.655822],[139.684038,35.655788],[139.68395,35.655779],[139.683643,35.655756],[139.683445,35.655739],[139.683411,35.655736],[139.683225,35.655724],[139.68297,35.655708],[139.682939,35.655706],[139.682884,35.655693],[139.682569,35.655674],[139.681758,35.655594],[139.681801,35.654851],[139.681826,35.654523],[139.682838,35.654549],[139.682875,35.654551],[139.682881,35.654403],[139.683118,35.654402],[139.683136,35.654121],[139.682939,35.654124],[139.682949,35.653711],[139.682965,35.653044],[139.683129,35.653043],[139.683139,35.652943],[139.683805,35.652974],[139.684068,35.65296],[139.68407,35.652846],[139.683684,35.65284],[139.683696,35.652814],[139.682979,35.652778],[139.682512,35.652749],[139.682507,35.652749],[139.682513,35.65266],[139.682518,35.652587],[139.682534,35.652582],[139.682374,35.652208],[139.682572,35.652149],[139.684168,35.651665],[139.684389,35.651603],[139.684389,35.651575],[139.684407,35.651462],[139.684439,35.651398],[139.684454,35.651394],[139.68458,35.651355],[139.684657,35.650894],[139.684574,35.650662],[139.684526,35.650526],[139.684714,35.650567],[139.685098,35.650767],[139.685689,35.651066],[139.685924,35.651184],[139.685979,35.651227],[139.686028,35.651253],[139.686301,35.65141],[139.68658,35.651547],[139.686654,35.651581],[139.686956,35.65172],[139.686957,35.65172],[139.687204,35.651816],[139.687348,35.651866],[139.68776,35.652011],[139.687768,35.652014],[139.687885,35.652048],[139.688258,35.652168],[139.688489,35.652241],[139.688572,35.652267],[139.68945,35.652544],[139.689452,35.652562],[139.689419,35.653029],[139.689402,35.6533],[139.689407,35.653754],[139.689429,35.653905],[139.689462,35.654004],[139.689498,35.654157],[139.689554,35.654307],[139.689653,35.654496],[139.689828,35.65488],[139.689953,35.655163],[139.68996,35.655179],[139.690048,35.65532],[139.68962,35.655408],[139.68935,35.655429],[139.689166,35.655436]]]},"properties":{"KEY_CODE":"13110004002","S_NAME":"大橋二丁目","JINKO":4588,"SETAI":2332}},
{"type":"Feature","geometry":{"type":"Polygon","coordinates":[[[139.702122,35.646438],[139.702195,35.64647],[139.702036,35.646571],[139.702021,35.646615],[139.702017,35.646625],[139.70197,35.646738],[139.701917,35.646732],[139.701647,35.646919],[139.701643,35.646921],[139.701507,35.647017],[139.701461,35.647024],[139.701327,35.647033],[139.70096,35.6471],[139.700576,35.647194],[139.700347,35.647297],[139.700202,35.647332],[139.700195,35.647331],[139.70001,35.647309],[139.699726,35.647231],[139.69953,35.647232],[139.699349,35.647212],[139.699122,35.647147],[139.699082,35.647163],[139.69903,35.647182],[139.698505,35.647321],[139.698313,35.647083],[139.698197,35.646902],[139.698141,35.646813],[139.697949,35.646515],[139.697848,35.646382],[139.697522,35.645958],[139.697298,35.645675],[139.697368,35.645625],[139.697522,35.645495],[139.697807,35.645251],[139.697984,35.645101],[139.69835,35.644791],[139.698361,35.644781],[139.698826,35.644398],[139.69883,35.644387],[139.699085,35.644177],[139.699228,35.644047],[139.699219,35.644043],[139.699373,35.643911],[139.699531,35.643776],[139.699596,35.643721],[139.69971,35.643623],[139.69974,35.643597],[139.699806,35.643541],[139.699838,35.64351],[139.699852,35.643493],[139.700235,35.64304],[139.700714,35.642473],[139.700903,35.642839],[139.701122,35.64339],[139.701244,35.643702],[139.701232,35.643706],[139.701292,35.643865],[139.701358,35.643974],[139.701449,35.644212],[139.70149,35.644398],[139.701506,35.644466],[139.701514,35.644626],[139.701516,35.644658],[139.701547,35.64514],[139.701562,35.645439],[139.701568,35.645565],[139.701602,35.645882],[139.701701,35.646084],[139.701851,35.646275],[139.701955,35.646355],[139.702122,35.646438]]]},"properties":{"KEY_CODE":"13110005001","S_NAME":"上目黒一丁目","JINKO":1923,"SETAI":1153}},
{"type":"Feature","geometry":{"type":"Polygon","coordinates":[[[139.700714,35.642473],[139.700235,35.64304],[139.699852,35.643493],[139.699838,35.64351],[139.699806,35.643541],[139.69974,35.643597],[139.69971,35.643623],[139.699596,35.643721],[139.699531,35.643776],[139.699373,35.643911],[139.699219,35.644043],[139.698965,35.64392],[139.698535,35.643703],[139.698401,35.643619],[139.698205,35.643477],[139.69814,35.643429],[139.697844,35.643115],[139.697736,35.642965],[139.69769,35.64291],[139.697443,35.642565],[139.6972,35.642379],[139.696996,35.642285],[139.696775,35.642202],[139.696682,35.642192],[139.696495,35.642131],[139.696328,35.642097],[139.696231,35.642108],[139.696053,35.642145],[139.69576,35.642179],[139.695599,35.642199],[139.695095,35.642207],[139.694348,35.642198],[139.694255,35.642187],[139.693477,35.642178],[139.693412,35.641704],[139.693825,35.641538],[139.694016,35.641447],[139.694113,35.641388],[139.694274,35.641184],[139.69436,35.641075],[139.694408,35.640985],[139.694428,35.640902],[139.69449,35.640682],[139.694606,35.640469],[139.694629,35.640426],[139.694877,35.640157],[139.695037,35.639999],[139.695139,35.639901],[139.695207,35.639828],[139.695364,35.639658],[139.695458,35.639558],[139.695641,35.639316],[139.695843,35.639034],[139.696046,35.638898],[139.696334,35.638761],[139.696644,35.638629],[139.696675,35.638615],[139.697078,35.63841],[139.697407,35.638253],[139.697504,35.638179],[139.69758,35.638249],[139.697699,35.638381],[139.697708,35.638396],[139.697783,35.638527],[139.69795,35.638854],[139.697959,35.638849],[139.69802,35.638976],[139.698096,35.639132],[139.698142,35.639227],[139.698285,35.639521],[139.698382,35.639716],[139.698427,35.639782],[139.698525,35.63993],[139.698956,35.640525],[139.699299,35.640992],[139.699335,35.641058],[139.699491,35.641252],[139.699609,35.641341],[139.699707,35.641416],[139.699853,35.641508],[139.700073,35.641678],[139.70047,35.641999],[139.700714,35.642473]]]},"properties":{"KEY_CODE":"13110005002","S_NAME":"上目黒二丁目","JINKO":4448,"SETAI":2728}},
{"type":"Feature","geometry":{"type":"Polygon","coordinates":[[[139.696705,35.645746],[139.696499,35.645757],[139.696324,35.645789],[139.696269,35.645806],[139.695966,35.645909],[139.69562,35.646007],[139.695591,35.646016],[139.695397,35.646071],[139.695182,35.646067],[139.69489,35.646],[139.6947,35.646052],[139.694426,35.646098],[139.694196,35.646074],[139.693935,35.646018],[139.69358,35.645882],[139.693317,35.645748],[139.693071,35.645533],[139.693031,35.645498],[139.692958,35.645429],[139.692907,35.64538],[139.692823,35.645301],[139.692645,35.645132],[139.692481,35.644968],[139.692154,35.644656],[139.691895,35.644373],[139.69183,35.644294],[139.691562,35.644236],[139.69134,35.644216],[139.691292,35.644214],[139.691087,35.644207],[139.690841,35.644229],[139.69067,35.64426],[139.690589,35.644267],[139.690582,35.644091],[139.690615,35.64389],[139.690625,35.643808],[139.690627,35.643789],[139.69067,35.643392],[139.690677,35.643298],[139.690697,35.643017],[139.690738,35.642923],[139.690893,35.642843],[139.691042,35.642695],[139.691073,35.642626],[139.691057,35.642575],[139.690954,35.642395],[139.691339,35.642336],[139.691822,35.642242],[139.692115,35.642208],[139.692155,35.642206],[139.692278,35.6422],[139.692765,35.642193],[139.693487,35.642199],[139.693477,35.642178],[139.694255,35.642187],[139.694348,35.642198],[139.695095,35.642207],[139.695599,35.642199],[139.69576,35.642179],[139.696053,35.642145],[139.696231,35.642108],[139.696328,35.642097],[139.696495,35.642131],[139.696682,35.642192],[139.696775,35.642202],[139.696996,35.642285],[139.6972,35.642379],[139.697443,35.642565],[139.69769,35.64291],[139.697736,35.642965],[139.697844,35.643115],[139.69814,35.643429],[139.698205,35.643477],[139.698401,35.643619],[139.698535,35.643703],[139.698965,35.64392],[139.699219,35.644043],[139.699228,35.644047],[139.699085,35.644177],[139.69883,35.644387],[139.698826,35.644398],[139.698361,35.644781],[139.69835,35.644791],[139.697984,35.645101],[139.697807,35.645251],[139.697522,35.645495],[139.697368,35.645625],[139.697298,35.645675],[139.697174,35.64576],[139.69699,35.645746],[139.696705,35.645746]]]},"properties":{"KEY_CODE":"13110005003","S_NAME":"上目黒三丁目","JINKO":5348,"SETAI":2928}},
{"type":"Feature","geometry":{"type":"Polygon","coordinates":[[[139.693477,35.642178],[139.693487,35.642199],[139.692765,35.642193],[139.692278,35.6422],[139.692155,35.642206],[139.692115,35.642208],[139.691822,35.642242],[139.691339,35.642336],[139.690954,35.642395],[139.69092,35.642399],[139.690581,35.642448],[139.690373,35.64246],[139.690298,35.642464],[139.690053,35.642459],[139.689762,35.642437],[139.689578,35.64242],[139.689394,35.642378],[139.689188,35.642279],[139.689133,35.642303],[139.689001,35.642248],[139.68901,35.642222],[139.688911,35.64219],[139.688821,35.642193],[139.688526,35.642131],[139.688511,35.642092],[139.68831,35.642069],[139.688175,35.642029],[139.687962,35.641959],[139.687828,35.641881],[139.687674,35.641767],[139.68749,35.641581],[139.687415,35.641484],[139.687397,35.64143],[139.687343,35.641278],[139.687245,35.641114],[139.687189,35.641088],[139.687123,35.640954],[139.687064,35.640834],[139.686944,35.640673],[139.686739,35.640434],[139.68689,35.640294],[139.686943,35.640252],[139.687609,35.639768],[139.687786,35.639785],[139.688244,35.639901],[139.688642,35.640009],[139.689003,35.640102],[139.689063,35.640118],[139.6892,35.640146],[139.689379,35.640185],[139.689534,35.640133],[139.68964,35.63991],[139.689704,35.63981],[139.69011,35.639711],[139.690328,35.639661],[139.690671,35.639586],[139.690934,35.639524],[139.690985,35.639511],[139.691397,35.639413],[139.691586,35.639371],[139.691589,35.639371],[139.691887,35.639316],[139.692113,35.639279],[139.692422,35.639257],[139.692438,35.639239],[139.692478,35.639316],[139.692717,35.639601],[139.69289,35.639778],[139.693168,35.640036],[139.693189,35.640084],[139.693404,35.640273],[139.693634,35.640437],[139.693861,35.640582],[139.694274,35.640832],[139.694428,35.640902],[139.694408,35.640985],[139.69436,35.641075],[139.694274,35.641184],[139.694113,35.641388],[139.694016,35.641447],[139.693825,35.641538],[139.693412,35.641704],[139.693477,35.642178]]]},"properties":{"KEY_CODE":"13110005004","S_NAME":"上目黒四丁目","JINKO":3965,"SETAI":2339}},
{"type":"Feature","geometry":{"type":"Polygon","coordinates":[[[139.690589,35.644267],[139.690431,35.644276],[139.690096,35.644215],[139.689755,35.64457],[139.689679,35.644661],[139.689472,35.64481],[139.689253,35.644948],[139.689156,35.645062],[139.689056,35.645228],[139.688997,35.645402],[139.68899,35.645421],[139.688957,35.645456],[139.688792,35.645569],[139.688699,35.645617],[139.688158,35.645877],[139.688135,35.645855],[139.687701,35.645206],[139.687528,35.644954],[139.687434,35.64481],[139.687346,35.644683],[139.687126,35.644779],[139.686746,35.644267],[139.686533,35.64398],[139.686435,35.64383],[139.686224,35.64341],[139.686018,35.642966],[139.685699,35.643022],[139.685554,35.643056],[139.684916,35.642855],[139.684958,35.642758],[139.684961,35.64275],[139.68448,35.642594],[139.68429,35.642529],[139.684346,35.642407],[139.684348,35.642408],[139.684705,35.642525],[139.684743,35.642433],[139.685147,35.641356],[139.685388,35.641357],[139.685595,35.641042],[139.685765,35.640805],[139.685832,35.640711],[139.685844,35.640271],[139.685849,35.640123],[139.685956,35.639905],[139.686018,35.63986],[139.686075,35.639961],[139.686094,35.639968],[139.686283,35.640045],[139.686518,35.640184],[139.686611,35.640275],[139.686739,35.640434],[139.686944,35.640673],[139.687064,35.640834],[139.687123,35.640954],[139.687189,35.641088],[139.687245,35.641114],[139.687343,35.641278],[139.687397,35.64143],[139.687415,35.641484],[139.68749,35.641581],[139.687674,35.641767],[139.687828,35.641881],[139.687962,35.641959],[139.688175,35.642029],[139.68831,35.642069],[139.688511,35.642092],[139.688526,35.642131],[139.688821,35.642193],[139.688911,35.64219],[139.68901,35.642222],[139.689001,35.642248],[139.689133,35.642303],[139.689188,35.642279],[139.689394,35.642378],[139.689578,35.64242],[139.689762,35.642437],[139.690053,35.642459],[139.690298,35.642464],[139.690373,35.64246],[139.690581,35.642448],[139.69092,35.642399],[139.690954,35.642395],[139.691057,35.642575],[139.691073,35.642626],[139.691042,35.642695],[139.690893,35.642843],[139.690738,35.642923],[139.690697,35.643017],[139.690677,35.643298],[139.69067,35.643392],[139.690627,35.643789],[139.690625,35.643808],[139.690615,35.64389],[139.690582,35.644091],[139.690589,35.644267]]]},"properties":{"KEY_CODE":"13110005005","S_NAME":"上目黒五丁目","JINKO":3965,"SETAI":2095}},
{"type":"Feature","geometry":{"type":"Polygon","coordinates":[[[139.705253,35.644434],[139.705151,35.644502],[139.705046,35.644573],[139.704968,35.644625],[139.704853,35.644692],[139.704652,35.644809],[139.704361,35.644962],[139.70426,35.645013],[139.704052,35.645161],[139.703905,35.645266],[139.703513,35.645553],[139.702997,35.645962],[139.702917,35.646025],[139.70291,35.646031],[139.702572,35.646233],[139.702425,35.646321],[139.70234,35.64633],[139.702292,35.646378],[139.702188,35.646354],[139.702149,35.646404],[139.702122,35.646438],[139.701955,35.646355],[139.701851,35.646275],[139.701701,35.646084],[139.701602,35.645882],[139.701568,35.645565],[139.701562,35.645439],[139.701547,35.64514],[139.701516,35.644658],[139.701514,35.644626],[139.701506,35.644466],[139.70149,35.644398],[139.701449,35.644212],[139.701358,35.643974],[139.701292,35.643865],[139.701232,35.643706],[139.701244,35.643702],[139.701122,35.64339],[139.700903,35.642839],[139.700714,35.642473],[139.701693,35.641299],[139.701771,35.641199],[139.701971,35.640944],[139.702036,35.640865],[139.702552,35.641143],[139.702713,35.641246],[139.702854,35.641349],[139.702855,35.641375],[139.702856,35.641399],[139.702687,35.641611],[139.702698,35.641877],[139.703037,35.642558],[139.703043,35.642578],[139.703344,35.642741],[139.703361,35.64275],[139.703374,35.642757],[139.703323,35.642825],[139.703558,35.642986],[139.703724,35.643099],[139.703772,35.643132],[139.703797,35.643161],[139.703876,35.643203],[139.703977,35.643335],[139.703989,35.643351],[139.703999,35.643364],[139.704062,35.643428],[139.704107,35.643655],[139.704214,35.64372],[139.704361,35.643723],[139.7046,35.64368],[139.704701,35.643928],[139.704873,35.64392],[139.704911,35.643918],[139.704952,35.643929],[139.704975,35.643935],[139.705034,35.644013],[139.705253,35.644434]]]},"properties":{"KEY_CODE":"13110006001","S_NAME":"中目黒一丁目","JINKO":3171,"SETAI":1987}},
{"type":"Feature","geometry":{"type":"Polygon","coordinates":[[[139.710204,35.641676],[139.709844,35.641787],[139.709257,35.641968],[139.709011,35.642043],[139.708908,35.642074],[139.708739,35.642156],[139.708392,35.642352],[139.708214,35.642476],[139.707904,35.642683],[139.707641,35.642863],[139.707402,35.643061],[139.70726,35.643015],[139.70717,35.643082],[139.706903,35.643278],[139.706881,35.643342],[139.706909,35.643424],[139.706258,35.643797],[139.705963,35.643952],[139.705863,35.643955],[139.705762,35.644024],[139.705767,35.644066],[139.705308,35.644344],[139.705273,35.6444],[139.705253,35.644434],[139.705034,35.644013],[139.704975,35.643935],[139.704952,35.643929],[139.704911,35.643918],[139.704873,35.64392],[139.704701,35.643928],[139.7046,35.64368],[139.704361,35.643723],[139.704214,35.64372],[139.704107,35.643655],[139.704062,35.643428],[139.703999,35.643364],[139.703989,35.643351],[139.703977,35.643335],[139.703876,35.643203],[139.703797,35.643161],[139.703772,35.643132],[139.703724,35.643099],[139.703558,35.642986],[139.703323,35.642825],[139.703374,35.642757],[139.703361,35.64275],[139.703344,35.642741],[139.703043,35.642578],[139.703037,35.642558],[139.702698,35.641877],[139.702687,35.641611],[139.702856,35.641399],[139.702855,35.641375],[139.702854,35.641349],[139.702713,35.641246],[139.702552,35.641143],[139.702036,35.640865],[139.702504,35.640301],[139.702784,35.639954],[139.702832,35.639901],[139.703517,35.639116],[139.704152,35.638309],[139.704251,35.638199],[139.704356,35.638084],[139.704471,35.637953],[139.704728,35.637657],[139.704835,35.637534],[139.704897,35.637462],[139.70497,35.637378],[139.705064,35.637293],[139.705098,35.637304],[139.705754,35.637757],[139.706057,35.637957],[139.70621,35.638058],[139.706205,35.638063],[139.707652,35.639092],[139.707942,35.639349],[139.708597,35.639933],[139.708975,35.640297],[139.709161,35.640472],[139.709265,35.64057],[139.709532,35.640822],[139.709733,35.64101],[139.709998,35.641371],[139.710046,35.641399],[139.710068,35.641436],[139.710204,35.641676]]]},"properties":{"KEY_CODE":"13110006002","S_NAME":"中目黒二丁目","JINKO":2419,"SETAI":1321}},
{"type":"Feature","geometry":{"type":"Polygon","coordinates":[[[139.702459,35.638517],[139.702665,35.638641],[139.703092,35.638894],[139.703517,35.639116],[139.702832,35.639901],[139.702784,35.639954],[139.702504,35.640301],[139.702036,35.640865],[139.701971,35.640944],[139.701771,35.641199],[139.701693,35.641299],[139.700714,35.642473],[139.70047,35.641999],[139.700073,35.641678],[139.699853,35.641508],[139.699707,35.641416],[139.699609,35.641341],[139.699491,35.641252],[139.699335,35.641058],[139.699299,35.640992],[139.698956,35.640525],[139.698525,35.63993],[139.698427,35.639782],[139.698382,35.639716],[139.698285,35.639521],[139.698142,35.639227],[139.698096,35.639132],[139.69802,35.638976],[139.697959,35.638849],[139.69795,35.638854],[139.697783,35.638527],[139.697708,35.638396],[139.697699,35.638381],[139.69758,35.638249],[139.697584,35.63824],[139.698124,35.637989],[139.698297,35.637873],[139.698372,35.637791],[139.698497,35.637672],[139.69877,35.637527],[139.699006,35.637407],[139.699281,35.637255],[139.69977,35.636907],[139.700474,35.637447],[139.700714,35.637616],[139.700977,35.637852],[139.701009,35.637897],[139.701092,35.637983],[139.701203,35.638234],[139.702245,35.63835],[139.702248,35.63839],[139.702459,35.638517]]]},"properties":{"KEY_CODE":"13110006003","S_NAME":"中目黒三丁目","JINKO":2710,"SETAI":1518}},
{"type":"Feature","geometry":{"type":"Polygon","coordinates":[[[139.705098,35.637304],[139.705064,35.637293],[139.70497,35.637378],[139.704897,35.637462],[139.704835,35.637534],[139.704728,35.637657],[139.704471,35.637953],[139.704356,35.638084],[139.704251,35.638199],[139.704152,35.638309],[139.703517,35.639116],[139.703092,35.638894],[139.702665,35.638641],[139.702459,35.638517],[139.702248,35.63839],[139.702245,35.63835],[139.701203,35.638234],[139.701092,35.637983],[139.701009,35.637897],[139.700977,35.637852],[139.700714,35.637616],[139.700474,35.637447],[139.69977,35.636907],[139.699848,35.636851],[139.699989,35.636742],[139.700096,35.636678],[139.700372,35.636517],[139.700624,35.636343],[139.70065,35.636335],[139.701106,35.636206],[139.701401,35.636161],[139.70176,35.636118],[139.701857,35.636094],[139.70195,35.636071],[139.702104,35.636005],[139.702361,35.635871],[139.702655,35.635742],[139.702869,35.635635],[139.703378,35.635345],[139.703441,35.635393],[139.70369,35.635521],[139.703846,35.63554],[139.704042,35.635512],[139.704213,35.635474],[139.704421,35.635551],[139.704685,35.635749],[139.704883,35.635857],[139.705114,35.635901],[139.705342,35.635861],[139.705598,35.635829],[139.70563,35.635844],[139.705658,35.635857],[139.705725,35.635889],[139.705807,35.635929],[139.706076,35.636057],[139.706114,35.636048],[139.706005,35.636138],[139.705807,35.636389],[139.705759,35.636465],[139.705665,35.636611],[139.705545,35.636758],[139.705521,35.636787],[139.705351,35.636994],[139.705334,35.637015],[139.705225,35.637148],[139.705224,35.637149],[139.705098,35.637304]]]},"properties":{"KEY_CODE":"13110006004","S_NAME":"中目黒四丁目","JINKO":3724,"SETAI":1963}},
{"type":"Feature","geometry":{"type":"Polygon","coordinates":[[[139.703378,35.635345],[139.702869,35.635635],[139.702655,35.635742],[139.702361,35.635871],[139.702104,35.636005],[139.70195,35.636071],[139.701857,35.636094],[139.70176,35.636118],[139.701401,35.636161],[139.701106,35.636206],[139.70065,35.636335],[139.700624,35.636343],[139.700372,35.636517],[139.700096,35.636678],[139.699989,35.636742],[139.699848,35.636851],[139.69977,35.636907],[139.699281,35.637255],[139.699006,35.637407],[139.69877,35.637527],[139.698497,35.637672],[139.698372,35.637791],[139.698297,35.637873],[139.698124,35.637989],[139.697584,35.63824],[139.69758,35.638249],[139.697504,35.638179],[139.696996,35.637801],[139.696841,35.637642],[139.696739,35.637553],[139.696646,35.637498],[139.696103,35.63705],[139.695855,35.63686],[139.695604,35.636726],[139.695219,35.636551],[139.694419,35.636171],[139.69421,35.636071],[139.693838,35.635894],[139.693584,35.635773],[139.693196,35.635598],[139.693571,35.635488],[139.693777,35.635418],[139.694118,35.635312],[139.694429,35.635271],[139.694464,35.635266],[139.694804,35.635227],[139.695074,35.635208],[139.695078,35.635208],[139.695502,35.635201],[139.695754,35.635162],[139.695928,35.635122],[139.696043,35.63508],[139.696168,35.635081],[139.696375,35.635126],[139.696755,35.635205],[139.69693,35.635233],[139.697131,35.635263],[139.697452,35.63529],[139.697727,35.635321],[139.697746,35.635294],[139.697895,35.635006],[139.697942,35.634882],[139.698004,35.634665],[139.698073,35.63425],[139.698129,35.633864],[139.698214,35.633575],[139.698231,35.633521],[139.698392,35.633576],[139.69863,35.633657],[139.699038,35.633846],[139.699249,35.633944],[139.699395,35.634019],[139.699446,35.634053],[139.69984,35.634255],[139.699863,35.634274],[139.699996,35.634345],[139.700252,35.634499],[139.700697,35.634769],[139.700935,35.634972],[139.70097,35.635003],[139.701068,35.635056],[139.701281,35.635111],[139.701311,35.635119],[139.701587,35.635107],[139.701625,35.635162],[139.701677,35.63521],[139.701731,35.635205],[139.702287,35.635161],[139.702585,35.635128],[139.70296,35.635092],[139.703119,35.63514],[139.703378,35.635345]]]},"properties":{"KEY_CODE":"13110006005","S_NAME":"中目黒五丁目","JINKO":3408,"SETAI":1798}},
{"type":"Feature","geometry":{"type":"Polygon","coordinates":[[[139.713522,35.637778],[139.713619,35.637843],[139.713583,35.637897],[139.713541,35.637958],[139.713523,35.637985],[139.713525,35.637985],[139.713539,35.63799],[139.713595,35.638008],[139.713628,35.638011],[139.713639,35.638012],[139.713661,35.638011],[139.713699,35.638028],[139.71386,35.638142],[139.71392,35.638089],[139.714269,35.638392],[139.714288,35.638464],[139.714323,35.638561],[139.714484,35.638807],[139.714497,35.638825],[139.714652,35.639034],[139.71473,35.639146],[139.714755,35.639206],[139.714765,35.639232],[139.714843,35.639426],[139.714852,35.639449],[139.715036,35.639806],[139.715139,35.640065],[139.715205,35.640238],[139.715233,35.640251],[139.715334,35.6403],[139.715351,35.640333],[139.715373,35.640387],[139.715428,35.640373],[139.715532,35.640628],[139.715648,35.640648],[139.715646,35.640696],[139.715664,35.640704],[139.715726,35.640731],[139.715804,35.640757],[139.715808,35.640752],[139.715818,35.640742],[139.715906,35.640765],[139.71594,35.640713],[139.716118,35.640804],[139.716371,35.64094],[139.716436,35.640975],[139.716462,35.641004],[139.716541,35.641048],[139.716645,35.641088],[139.716973,35.641184],[139.717427,35.641297],[139.717748,35.641318],[139.717742,35.641593],[139.717458,35.641598],[139.717312,35.641583],[139.717043,35.641712],[139.716762,35.641752],[139.716578,35.641865],[139.716498,35.641913],[139.716304,35.642101],[139.716222,35.642112],[139.715915,35.642331],[139.715816,35.642419],[139.715703,35.642545],[139.715511,35.642479],[139.71528,35.642468],[139.715121,35.642462],[139.715128,35.642373],[139.715134,35.642274],[139.715035,35.642272],[139.715043,35.642203],[139.714639,35.642199],[139.714646,35.642273],[139.714562,35.642273],[139.714562,35.642345],[139.714446,35.642363],[139.714443,35.642432],[139.713575,35.642386],[139.713827,35.642191],[139.713739,35.642115],[139.713835,35.642041],[139.713621,35.641856],[139.713528,35.641927],[139.713517,35.641917],[139.713458,35.641962],[139.713442,35.641948],[139.71336,35.64201],[139.713347,35.641998],[139.713098,35.642189],[139.713126,35.642214],[139.713089,35.642242],[139.713108,35.642258],[139.713068,35.642288],[139.713087,35.642305],[139.713063,35.642324],[139.71311,35.642365],[139.712316,35.642334],[139.711999,35.64232],[139.711612,35.642243],[139.711823,35.641438],[139.711872,35.641252],[139.712002,35.640805],[139.712124,35.640385],[139.712178,35.640196],[139.712257,35.63994],[139.712313,35.639757],[139.712423,35.639357],[139.712522,35.63917],[139.712553,35.639122],[139.712641,35.63899],[139.713071,35.638436],[139.713211,35.638232],[139.713522,35.637778]]]},"properties":{"KEY_CODE":"13110007001","S_NAME":"三田一丁目","JINKO":2491,"SETAI":1432}},
{"type":"Feature","geometry":{"type":"Polygon","coordinates":[[[139.711612,35.642243],[139.711454,35.642225],[139.711204,35.642139],[139.711009,35.642115],[139.710476,35.642011],[139.710367,35.641682],[139.710336,35.641652],[139.710318,35.641639],[139.710204,35.641676],[139.710068,35.641436],[139.710046,35.641399],[139.709998,35.641371],[139.709733,35.64101],[139.709532,35.640822],[139.709265,35.64057],[139.709161,35.640472],[139.708975,35.640297],[139.708597,35.639933],[139.707942,35.639349],[139.707652,35.639092],[139.706205,35.638063],[139.70621,35.638058],[139.706889,35.637427],[139.707054,35.637273],[139.707373,35.636967],[139.707694,35.636679],[139.707706,35.636668],[139.708315,35.637156],[139.708906,35.637629],[139.708971,35.637675],[139.709084,35.637833],[139.709186,35.637944],[139.70934,35.637879],[139.70956,35.637785],[139.709911,35.637732],[139.710357,35.637654],[139.71045,35.637638],[139.710653,35.637844],[139.710859,35.637736],[139.710945,35.637691],[139.710999,35.637658],[139.711088,35.637652],[139.711329,35.637519],[139.712145,35.637945],[139.71275,35.638266],[139.713071,35.638436],[139.712641,35.63899],[139.712553,35.639122],[139.712522,35.63917],[139.712423,35.639357],[139.712313,35.639757],[139.712257,35.63994],[139.712178,35.640196],[139.712124,35.640385],[139.712002,35.640805],[139.711872,35.641252],[139.711823,35.641438],[139.711612,35.642243]]]},"properties":{"KEY_CODE":"13110007002","S_NAME":"三田二丁目","JINKO":3836,"SETAI":2167}},
{"type":"Feature","geometry":{"type":"Polygon","coordinates":[[[139.714443,35.633893],[139.714497,35.633871],[139.714518,35.633905],[139.714548,35.633953],[139.714508,35.634026],[139.71471,35.63438],[139.71453,35.634362],[139.714525,35.634395],[139.714536,35.634396],[139.714515,35.634523],[139.714502,35.63452],[139.714489,35.634566],[139.714416,35.634559],[139.714412,35.634587],[139.714251,35.634572],[139.714176,35.63473],[139.713866,35.635298],[139.713836,35.635469],[139.713799,35.635674],[139.713783,35.635752],[139.713673,35.635719],[139.713614,35.635849],[139.713754,35.635891],[139.713735,35.635986],[139.713697,35.636174],[139.713659,35.63635],[139.713649,35.636375],[139.713566,35.636769],[139.7135,35.637076],[139.713483,35.637107],[139.713304,35.6375],[139.713587,35.637638],[139.713618,35.637653],[139.713605,35.637671],[139.713585,35.637698],[139.713522,35.637778],[139.713211,35.638232],[139.713071,35.638436],[139.71275,35.638266],[139.712145,35.637945],[139.711329,35.637519],[139.711088,35.637652],[139.710999,35.637658],[139.710945,35.637691],[139.710859,35.637736],[139.710653,35.637844],[139.71045,35.637638],[139.710357,35.637654],[139.709911,35.637732],[139.70956,35.637785],[139.70934,35.637879],[139.709186,35.637944],[139.709084,35.637833],[139.708971,35.637675],[139.708906,35.637629],[139.708315,35.637156],[139.707706,35.636668],[139.707744,35.636637],[139.708607,35.63584],[139.709029,35.635449],[139.709673,35.634852],[139.710847,35.633766],[139.710862,35.633767],[139.711177,35.63397],[139.71137,35.634062],[139.711604,35.634167],[139.712022,35.634351],[139.712177,35.634404],[139.712263,35.634419],[139.712462,35.634442],[139.712601,35.634432],[139.712966,35.634396],[139.713216,35.63434],[139.713332,35.634314],[139.713726,35.634184],[139.713961,35.634091],[139.714443,35.633893]]]},"properties":{"KEY_CODE":"13110008001","S_NAME":"目黒一丁目","JINKO":4044,"SETAI":2304}},
{"type":"Feature","geometry":{"type":"Polygon","coordinates":[[[139.708262,35.632594],[139.708783,35.632873],[139.708941,35.632957],[139.709224,35.633089],[139.709301,35.633125],[139.7095,35.633194],[139.709753,35.633284],[139.70989,35.633333],[139.710479,35.63354],[139.710572,35.633589],[139.710596,35.633601],[139.710847,35.633766],[139.709673,35.634852],[139.709029,35.635449],[139.708607,35.63584],[139.707744,35.636637],[139.707706,35.636668],[139.707694,35.636679],[139.707373,35.636967],[139.707054,35.637273],[139.706889,35.637427],[139.70621,35.638058],[139.706057,35.637957],[139.705754,35.637757],[139.705098,35.637304],[139.705224,35.637149],[139.705225,35.637148],[139.705334,35.637015],[139.705351,35.636994],[139.705521,35.636787],[139.705545,35.636758],[139.705665,35.636611],[139.705759,35.636465],[139.705807,35.636389],[139.706005,35.636138],[139.706114,35.636048],[139.706493,35.635517],[139.706556,35.63542],[139.706588,35.635371],[139.706719,35.63517],[139.70681,35.63503],[139.707024,35.634688],[139.707046,35.634653],[139.706979,35.634523],[139.707349,35.633961],[139.707397,35.633888],[139.707479,35.633765],[139.707609,35.63357],[139.707869,35.63318],[139.708262,35.632594]]]},"properties":{"KEY_CODE":"13110008002","S_NAME":"目黒二丁目","JINKO":2811,"SETAI":1626}},
{"type":"Feature","geometry":{"type":"Polygon","coordinates":[[[139.706114,35.636048],[139.706076,35.636057],[139.705807,35.635929],[139.705725,35.635889],[139.705658,35.635857],[139.70563,35.635844],[139.705598,35.635829],[139.705342,35.635861],[139.705114,35.635901],[139.704883,35.635857],[139.704685,35.635749],[139.704421,35.635551],[139.704213,35.635474],[139.704042,35.635512],[139.703846,35.63554],[139.70369,35.635521],[139.703441,35.635393],[139.703378,35.635345],[139.703119,35.63514],[139.70296,35.635092],[139.702585,35.635128],[139.702287,35.635161],[139.701731,35.635205],[139.701677,35.63521],[139.701625,35.635162],[139.701711,35.635123],[139.702043,35.634957],[139.702314,35.634632],[139.702523,35.634331],[139.702652,35.634187],[139.703176,35.633753],[139.703339,35.633581],[139.703389,35.633528],[139.70342,35.633266],[139.703439,35.633096],[139.703465,35.632951],[139.704009,35.632899],[139.70405,35.632703],[139.704255,35.632729],[139.704439,35.632753],[139.704495,35.632595],[139.704514,35.632506],[139.704558,35.632297],[139.704611,35.632116],[139.704657,35.632007],[139.70468,35.631925],[139.704795,35.631671],[139.704869,35.631487],[139.705625,35.631633],[139.705886,35.631676],[139.70596,35.631691],[139.706171,35.631717],[139.706378,35.63175],[139.706695,35.631856],[139.706712,35.631862],[139.707191,35.632047],[139.707296,35.632087],[139.707476,35.632157],[139.707696,35.632282],[139.707931,35.63241],[139.708262,35.632594],[139.707869,35.63318],[139.707609,35.63357],[139.707479,35.633765],[139.707397,35.633888],[139.707349,35.633961],[139.706979,35.634523],[139.707046,35.634653],[139.707024,35.634688],[139.70681,35.63503],[139.706719,35.63517],[139.706588,35.635371],[139.706556,35.63542],[139.706493,35.635517],[139.706114,35.636048]]]},"properties":{"KEY_CODE":"13110008003","S_NAME":"目黒三丁目","JINKO":3295,"SETAI":1678}},
{"type":"Feature","geometry":{"type":"Polygon","coordinates":[[[139.704869,35.631487],[139.704795,35.631671],[139.70468,35.631925],[139.704657,35.632007],[139.704611,35.632116],[139.704558,35.632297],[139.704514,35.632506],[139.704495,35.632595],[139.704439,35.632753],[139.704255,35.632729],[139.70405,35.632703],[139.704009,35.632899],[139.703465,35.632951],[139.703439,35.633096],[139.70342,35.633266],[139.703389,35.633528],[139.703339,35.633581],[139.703176,35.633753],[139.702652,35.634187],[139.702523,35.634331],[139.702314,35.634632],[139.702043,35.634957],[139.701711,35.635123],[139.701625,35.635162],[139.701587,35.635107],[139.701311,35.635119],[139.701281,35.635111],[139.701068,35.635056],[139.70097,35.635003],[139.700935,35.634972],[139.700697,35.634769],[139.700252,35.634499],[139.699996,35.634345],[139.699863,35.634274],[139.69984,35.634255],[139.699446,35.634053],[139.699395,35.634019],[139.699249,35.633944],[139.699038,35.633846],[139.69863,35.633657],[139.698671,35.633576],[139.698839,35.633253],[139.698869,35.633189],[139.699007,35.632912],[139.699086,35.632758],[139.69914,35.632714],[139.69943,35.63247],[139.699572,35.632332],[139.699719,35.632178],[139.69989,35.632002],[139.700195,35.631621],[139.700317,35.631471],[139.700675,35.631164],[139.700942,35.630963],[139.701108,35.630761],[139.70132,35.630503],[139.701795,35.630678],[139.701829,35.63069],[139.702034,35.630742],[139.70219,35.630784],[139.702466,35.630858],[139.70258,35.630889],[139.702973,35.630994],[139.703007,35.631003],[139.703419,35.631114],[139.703592,35.63116],[139.703763,35.631205],[139.704281,35.631343],[139.70457,35.631419],[139.704594,35.631425],[139.704869,35.631487]]]},"properties":{"KEY_CODE":"13110008004","S_NAME":"目黒四丁目","JINKO":3682,"SETAI":1740}},
{"type":"Feature","geometry":{"type":"Polygon","coordinates":[[[139.714386,35.629433],[139.714657,35.629576],[139.714778,35.629641],[139.715025,35.62977],[139.715087,35.629799],[139.715269,35.629899],[139.715111,35.630436],[139.715047,35.630432],[139.714912,35.630658],[139.714856,35.630778],[139.714776,35.630941],[139.714692,35.631164],[139.714603,35.631362],[139.714526,35.631466],[139.714446,35.631694],[139.71445,35.63176],[139.714415,35.631766],[139.714419,35.631838],[139.714454,35.631841],[139.714522,35.631892],[139.714577,35.631917],[139.714582,35.631919],[139.71456,35.632042],[139.714619,35.632052],[139.714609,35.632136],[139.714544,35.632311],[139.714483,35.632469],[139.714444,35.632558],[139.71442,35.632554],[139.714253,35.632511],[139.714117,35.632861],[139.714102,35.632873],[139.714003,35.633096],[139.714091,35.633123],[139.714115,35.633072],[139.714208,35.633096],[139.714237,35.63302],[139.714262,35.633026],[139.714281,35.632976],[139.714259,35.63297],[139.714284,35.632903],[139.714298,35.632906],[139.714292,35.632922],[139.71441,35.632956],[139.714423,35.633228],[139.714413,35.633333],[139.714361,35.633694],[139.714369,35.633748],[139.714443,35.633893],[139.713961,35.634091],[139.713726,35.634184],[139.713332,35.634314],[139.713216,35.63434],[139.712966,35.634396],[139.712601,35.634432],[139.712462,35.634442],[139.712263,35.634419],[139.712177,35.634404],[139.712022,35.634351],[139.711604,35.634167],[139.71137,35.634062],[139.711177,35.63397],[139.710862,35.633767],[139.710959,35.633674],[139.71105,35.633589],[139.711453,35.633206],[139.71147,35.633188],[139.711586,35.633078],[139.71176,35.6329],[139.711956,35.632659],[139.712272,35.632282],[139.71272,35.63172],[139.713013,35.631353],[139.713131,35.631183],[139.713738,35.630328],[139.713824,35.63021],[139.714153,35.629755],[139.714386,35.629433]]]},"properties":{"KEY_CODE":"13110009001","S_NAME":"下目黒一丁目","JINKO":1542,"SETAI":946}},
{"type":"Feature","geometry":{"type":"Polygon","coordinates":[[[139.712295,35.62825],[139.71234,35.628269],[139.713164,35.628622],[139.713881,35.628927],[139.713945,35.628956],[139.714526,35.629214],[139.714386,35.629433],[139.714153,35.629755],[139.713824,35.63021],[139.713738,35.630328],[139.713131,35.631183],[139.713013,35.631353],[139.71272,35.63172],[139.712272,35.632282],[139.711956,35.632659],[139.71176,35.6329],[139.711586,35.633078],[139.71147,35.633188],[139.711453,35.633206],[139.71105,35.633589],[139.710959,35.633674],[139.710862,35.633767],[139.710847,35.633766],[139.710596,35.633601],[139.710572,35.633589],[139.710479,35.63354],[139.70989,35.633333],[139.709753,35.633284],[139.7095,35.633194],[139.709301,35.633125],[139.709224,35.633089],[139.708941,35.632957],[139.708783,35.632873],[139.708262,35.632594],[139.708479,35.632293],[139.708537,35.632212],[139.708577,35.632156],[139.708652,35.632052],[139.708654,35.63205],[139.70866,35.632041],[139.708717,35.631962],[139.708765,35.631895],[139.708903,35.631694],[139.709022,35.631552],[139.709063,35.631495],[139.709109,35.63143],[139.709239,35.631242],[139.709325,35.631134],[139.709445,35.63097],[139.7095,35.630896],[139.709642,35.630711],[139.709729,35.630591],[139.709761,35.630543],[139.710018,35.630165],[139.710052,35.630115],[139.710305,35.629781],[139.71049,35.629525],[139.710726,35.629212],[139.710816,35.629127],[139.710977,35.628976],[139.711112,35.628888],[139.711305,35.628783],[139.711354,35.62876],[139.71179,35.628527],[139.712295,35.62825]]]},"properties":{"KEY_CODE":"13110009002","S_NAME":"下目黒二丁目","JINKO":6653,"SETAI":4000}},
{"type":"Feature","geometry":{"type":"Polygon","coordinates":[[[139.70772,35.626136],[139.707774,35.626065],[139.707875,35.62612],[139.707935,35.626162],[139.707998,35.62613],[139.708109,35.626129],[139.708365,35.626184],[139.708486,35.626232],[139.70899,35.626406],[139.709232,35.626526],[139.709262,35.626545],[139.709785,35.626773],[139.710006,35.626862],[139.710079,35.626913],[139.710551,35.627139],[139.711071,35.627398],[139.711276,35.6275],[139.711474,35.6276],[139.711912,35.627821],[139.711826,35.628013],[139.711816,35.628051],[139.712295,35.62825],[139.71179,35.628527],[139.711354,35.62876],[139.711305,35.628783],[139.711112,35.628888],[139.710977,35.628976],[139.710816,35.629127],[139.710726,35.629212],[139.71049,35.629525],[139.710305,35.629781],[139.710052,35.630115],[139.710018,35.630165],[139.709761,35.630543],[139.709729,35.630591],[139.709642,35.630711],[139.7095,35.630896],[139.709445,35.63097],[139.709325,35.631134],[139.709239,35.631242],[139.709109,35.63143],[139.709063,35.631495],[139.709022,35.631552],[139.708903,35.631694],[139.708765,35.631895],[139.708717,35.631962],[139.70866,35.632041],[139.708654,35.63205],[139.708652,35.632052],[139.708577,35.632156],[139.708537,35.632212],[139.708479,35.632293],[139.708262,35.632594],[139.707931,35.63241],[139.707696,35.632282],[139.707476,35.632157],[139.707296,35.632087],[139.707191,35.632047],[139.706712,35.631862],[139.706792,35.631623],[139.706828,35.631516],[139.706863,35.631411],[139.706961,35.631116],[139.70699,35.63103],[139.707114,35.630658],[139.707201,35.630377],[139.707307,35.630059],[139.70733,35.630014],[139.707371,35.62989],[139.707374,35.629863],[139.707519,35.629328],[139.707546,35.629264],[139.707559,35.628926],[139.707576,35.628704],[139.707567,35.62842],[139.707567,35.628403],[139.707568,35.628367],[139.707689,35.62814],[139.707726,35.628033],[139.707689,35.627952],[139.707542,35.627768],[139.70754,35.627676],[139.707685,35.627596],[139.707724,35.627548],[139.707774,35.627227],[139.707789,35.627144],[139.707727,35.627124],[139.707652,35.627113],[139.707636,35.626854],[139.707679,35.626463],[139.707773,35.626306],[139.707786,35.626245],[139.707758,35.626179],[139.70772,35.626136]]]},"properties":{"KEY_CODE":"13110009003","S_NAME":"下目黒三丁目","JINKO":4194,"SETAI":2542}},
{"type":"Feature","geometry":{"type":"Polygon","coordinates":[[[139.703419,35.631114],[139.703859,35.630583],[139.704141,35.630251],[139.704431,35.62992],[139.704765,35.629527],[139.704891,35.629353],[139.705006,35.629122],[139.704857,35.629081],[139.705015,35.628786],[139.705162,35.628562],[139.705345,35.62822],[139.705416,35.628013],[139.705498,35.62768],[139.705306,35.627538],[139.705095,35.62734],[139.705347,35.627207],[139.705856,35.626942],[139.706589,35.626911],[139.706894,35.626941],[139.707079,35.626963],[139.707495,35.627068],[139.707652,35.627113],[139.707727,35.627124],[139.707789,35.627144],[139.707774,35.627227],[139.707724,35.627548],[139.707685,35.627596],[139.70754,35.627676],[139.707542,35.627768],[139.707689,35.627952],[139.707726,35.628033],[139.707689,35.62814],[139.707568,35.628367],[139.707567,35.628403],[139.707567,35.62842],[139.707576,35.628704],[139.707559,35.628926],[139.707546,35.629264],[139.707519,35.629328],[139.707374,35.629863],[139.707371,35.62989],[139.70733,35.630014],[139.707307,35.630059],[139.707201,35.630377],[139.707114,35.630658],[139.70699,35.63103],[139.706961,35.631116],[139.706863,35.631411],[139.706828,35.631516],[139.706792,35.631623],[139.706712,35.631862],[139.706695,35.631856],[139.706378,35.63175],[139.706171,35.631717],[139.70596,35.631691],[139.705886,35.631676],[139.705625,35.631633],[139.704869,35.631487],[139.704594,35.631425],[139.70457,35.631419],[139.704281,35.631343],[139.703763,35.631205],[139.703592,35.63116],[139.703419,35.631114]]]},"properties":{"KEY_CODE":"13110009004","S_NAME":"下目黒四丁目","JINKO":2922,"SETAI":1534}},
{"type":"Feature","geometry":{"type":"Polygon","coordinates":[[[139.707652,35.627113],[139.707495,35.627068],[139.707079,35.626963],[139.706894,35.626941],[139.706589,35.626911],[139.705856,35.626942],[139.705347,35.627207],[139.705095,35.62734],[139.705306,35.627538],[139.705498,35.62768],[139.705416,35.628013],[139.705345,35.62822],[139.705162,35.628562],[139.705015,35.628786],[139.704857,35.629081],[139.705006,35.629122],[139.704891,35.629353],[139.704765,35.629527],[139.704431,35.62992],[139.704141,35.630251],[139.703859,35.630583],[139.703419,35.631114],[139.703007,35.631003],[139.702973,35.630994],[139.70258,35.630889],[139.702466,35.630858],[139.70219,35.630784],[139.702034,35.630742],[139.701829,35.63069],[139.701795,35.630678],[139.70132,35.630503],[139.701153,35.63043],[139.701143,35.6303],[139.701142,35.630046],[139.701126,35.629998],[139.701025,35.629856],[139.700743,35.629359],[139.700689,35.629334],[139.70078,35.628998],[139.700864,35.628672],[139.701001,35.628223],[139.701086,35.627915],[139.701195,35.627479],[139.701235,35.627423],[139.701584,35.626521],[139.701606,35.626482],[139.701919,35.626255],[139.701702,35.625943],[139.701955,35.625702],[139.702138,35.625675],[139.702159,35.625589],[139.702303,35.62555],[139.702487,35.624843],[139.703516,35.625157],[139.703522,35.625281],[139.703705,35.625313],[139.703991,35.624804],[139.704013,35.62479],[139.704741,35.625029],[139.704754,35.625074],[139.705189,35.625214],[139.705783,35.625407],[139.706359,35.625566],[139.706542,35.625456],[139.706705,35.625494],[139.706986,35.625543],[139.707347,35.625592],[139.707469,35.625907],[139.707485,35.62595],[139.707536,35.626007],[139.70772,35.626136],[139.707758,35.626179],[139.707786,35.626245],[139.707773,35.626306],[139.707679,35.626463],[139.707636,35.626854],[139.707652,35.627113]]]},"properties":{"KEY_CODE":"13110009005","S_NAME":"下目黒五丁目","JINKO":4053,"SETAI":1855}},
{"type":"Feature","geometry":{"type":"Polygon","coordinates":[[[139.701702,35.625943],[139.701919,35.626255],[139.701606,35.626482],[139.701584,35.626521],[139.701235,35.627423],[139.701195,35.627479],[139.701086,35.627915],[139.701001,35.628223],[139.700864,35.628672],[139.70078,35.628998],[139.700689,35.629334],[139.700743,35.629359],[139.701025,35.629856],[139.701126,35.629998],[139.701142,35.630046],[139.701143,35.6303],[139.701153,35.63043],[139.700651,35.630211],[139.700596,35.630187],[139.700055,35.629947],[139.699622,35.629757],[139.699366,35.629659],[139.69907,35.629583],[139.698825,35.629516],[139.698257,35.62936],[139.697999,35.629295],[139.697715,35.629224],[139.697613,35.629197],[139.697191,35.629079],[139.697023,35.629038],[139.696543,35.628911],[139.696173,35.628817],[139.69612,35.628803],[139.69595,35.628758],[139.695917,35.628749],[139.695987,35.628489],[139.696212,35.628451],[139.696265,35.62843],[139.696331,35.628404],[139.696382,35.62831],[139.696376,35.628115],[139.696373,35.628081],[139.696451,35.627904],[139.696507,35.627837],[139.696601,35.627724],[139.696708,35.627644],[139.696951,35.627437],[139.697252,35.627239],[139.697407,35.627134],[139.697464,35.627117],[139.697778,35.626951],[139.69783,35.626905],[139.697861,35.626854],[139.697921,35.626753],[139.698109,35.626462],[139.698272,35.626243],[139.698344,35.626187],[139.69833,35.626161],[139.698423,35.62605],[139.698516,35.625963],[139.698674,35.625864],[139.698759,35.625836],[139.69885,35.625841],[139.698872,35.6257],[139.699062,35.625716],[139.69961,35.625777],[139.699667,35.625789],[139.69977,35.625858],[139.700223,35.625995],[139.700535,35.62611],[139.70075,35.626135],[139.700864,35.626129],[139.700929,35.626118],[139.701501,35.626024],[139.701655,35.625988],[139.701702,35.625943]]]},"properties":{"KEY_CODE":"13110009006","S_NAME":"下目黒六丁目","JINKO":3200,"SETAI":1410}},
{"type":"Feature","geometry":{"type":"Polygon","coordinates":[[[139.695917,35.628749],[139.69595,35.628758],[139.69612,35.628803],[139.696173,35.628817],[139.696543,35.628911],[139.697023,35.629038],[139.697191,35.629079],[139.697613,35.629197],[139.697715,35.629224],[139.697999,35.629295],[139.698257,35.62936],[139.698825,35.629516],[139.69907,35.629583],[139.699366,35.629659],[139.699622,35.629757],[139.700055,35.629947],[139.700596,35.630187],[139.700651,35.630211],[139.701153,35.63043],[139.70132,35.630503],[139.701108,35.630761],[139.700942,35.630963],[139.700675,35.631164],[139.700317,35.631471],[139.700195,35.631621],[139.69989,35.632002],[139.699719,35.632178],[139.699572,35.632332],[139.69943,35.63247],[139.69914,35.632714],[139.699086,35.632758],[139.699007,35.632912],[139.698869,35.633189],[139.698839,35.633253],[139.698671,35.633576],[139.69863,35.633657],[139.698392,35.633576],[139.698231,35.633521],[139.69791,35.63339],[139.697603,35.633247],[139.697481,35.633158],[139.69721,35.632968],[139.697096,35.6329],[139.696627,35.632589],[139.696589,35.632565],[139.696238,35.632337],[139.69587,35.632105],[139.695448,35.631928],[139.695063,35.631772],[139.694793,35.631652],[139.694591,35.631549],[139.694305,35.631391],[139.694142,35.631275],[139.693574,35.630862],[139.693571,35.630851],[139.693735,35.630638],[139.693834,35.630514],[139.693861,35.63048],[139.693974,35.630361],[139.694263,35.63002],[139.69438,35.629891],[139.694601,35.629696],[139.694818,35.629529],[139.694923,35.629447],[139.69516,35.629267],[139.695245,35.629203],[139.695651,35.628901],[139.695869,35.628749],[139.695917,35.628749]]]},"properties":{"KEY_CODE":"13110010001","S_NAME":"中町一丁目","JINKO":5233,"SETAI":2712}},
{"type":"Feature","geometry":{"type":"Polygon","coordinates":[[[139.695928,35.635122],[139.695754,35.635162],[139.695502,35.635201],[139.695078,35.635208],[139.695074,35.635208],[139.694804,35.635227],[139.694464,35.635266],[139.694429,35.635271],[139.694118,35.635312],[139.693777,35.635418],[139.693571,35.635488],[139.693196,35.635598],[139.692927,35.635476],[139.692871,35.635503],[139.691826,35.634957],[139.691712,35.634897],[139.691672,35.634876],[139.691653,35.634866],[139.69158,35.634828],[139.691534,35.634804],[139.691114,35.634585],[139.690641,35.634334],[139.690633,35.634337],[139.690424,35.634221],[139.690063,35.634032],[139.68951,35.633739],[139.689876,35.633566],[139.690142,35.633439],[139.690315,35.633358],[139.69105,35.633006],[139.691205,35.632933],[139.691229,35.632922],[139.691389,35.632845],[139.691878,35.632609],[139.691937,35.632579],[139.692135,35.632477],[139.692373,35.632319],[139.692467,35.632237],[139.692759,35.631935],[139.692763,35.631932],[139.69293,35.631798],[139.693126,35.6316],[139.693215,35.631521],[139.693348,35.631265],[139.693413,35.631108],[139.693574,35.630862],[139.694142,35.631275],[139.694305,35.631391],[139.694591,35.631549],[139.694793,35.631652],[139.695063,35.631772],[139.695448,35.631928],[139.69587,35.632105],[139.696238,35.632337],[139.696589,35.632565],[139.696627,35.632589],[139.697096,35.6329],[139.69721,35.632968],[139.697481,35.633158],[139.697603,35.633247],[139.69791,35.63339],[139.698231,35.633521],[139.698214,35.633575],[139.698129,35.633864],[139.698073,35.63425],[139.698004,35.634665],[139.697942,35.634882],[139.697895,35.635006],[139.697746,35.635294],[139.697727,35.635321],[139.697452,35.63529],[139.697131,35.635263],[139.69693,35.635233],[139.696755,35.635205],[139.696375,35.635126],[139.696168,35.635081],[139.696043,35.63508],[139.695928,35.635122]]]},"properties":{"KEY_CODE":"13110010002","S_NAME":"中町二丁目","JINKO":4947,"SETAI":2755}},
{"type":"Feature","geometry":{"type":"Polygon","coordinates":[[[139.687609,35.639768],[139.686943,35.640252],[139.68689,35.640294],[139.686739,35.640434],[139.686611,35.640275],[139.686518,35.640184],[139.686283,35.640045],[139.686094,35.639968],[139.686075,35.639961],[139.686018,35.63986],[139.686014,35.639611],[139.68611,35.639615],[139.686598,35.639377],[139.686577,35.639288],[139.686442,35.638785],[139.686346,35.638429],[139.686201,35.637961],[139.685988,35.63764],[139.685716,35.637227],[139.685479,35.636828],[139.68531,35.636456],[139.685624,35.636388],[139.685949,35.636342],[139.686008,35.636339],[139.686376,35.636306],[139.686423,35.6363],[139.686933,35.636323],[139.687364,35.636307],[139.687365,35.636306],[139.687681,35.63625],[139.687789,35.636219],[139.68788,35.636196],[139.688179,35.636103],[139.688384,35.636026],[139.688453,35.635988],[139.688557,35.635961],[139.688854,35.635913],[139.689172,35.635885],[139.689576,35.635852],[139.689601,35.63585],[139.689666,35.63585],[139.689721,35.635845],[139.689903,35.636064],[139.690265,35.636495],[139.69019,35.636569],[139.690191,35.636606],[139.690355,35.636824],[139.690581,35.637086],[139.69064,35.637283],[139.690621,35.637286],[139.690887,35.63759],[139.691106,35.637913],[139.691308,35.637811],[139.691387,35.637899],[139.691598,35.638184],[139.691563,35.638176],[139.69199,35.638721],[139.692362,35.639145],[139.692438,35.639239],[139.692422,35.639257],[139.692113,35.639279],[139.691887,35.639316],[139.691589,35.639371],[139.691586,35.639371],[139.691397,35.639413],[139.690985,35.639511],[139.690934,35.639524],[139.690671,35.639586],[139.690328,35.639661],[139.69011,35.639711],[139.689704,35.63981],[139.68964,35.63991],[139.689534,35.640133],[139.689379,35.640185],[139.6892,35.640146],[139.689063,35.640118],[139.689003,35.640102],[139.688642,35.640009],[139.688244,35.639901],[139.687786,35.639785],[139.687609,35.639768]]]},"properties":{"KEY_CODE":"13110011001","S_NAME":"五本木一丁目","JINKO":3784,"SETAI":2208}},
{"type":"Feature","geometry":{"type":"Polygon","coordinates":[[[139.687365,35.636306],[139.687364,35.636307],[139.686933,35.636323],[139.686423,35.6363],[139.686376,35.636306],[139.686008,35.636339],[139.685949,35.636342],[139.685624,35.636388],[139.68531,35.636456],[139.68517,35.636202],[139.684874,35.635734],[139.684607,35.635317],[139.68453,35.635171],[139.684227,35.634438],[139.684136,35.634233],[139.683815,35.63375],[139.684328,35.633559],[139.684465,35.633509],[139.684675,35.633432],[139.684957,35.633327],[139.685052,35.633295],[139.68534,35.633178],[139.685792,35.633005],[139.686111,35.632883],[139.686708,35.632718],[139.686663,35.632491],[139.686616,35.63218],[139.687669,35.632764],[139.687937,35.632899],[139.688114,35.633008],[139.688697,35.6333],[139.688988,35.633467],[139.689089,35.633516],[139.689182,35.633565],[139.68951,35.633739],[139.690063,35.634032],[139.690424,35.634221],[139.690633,35.634337],[139.690641,35.634334],[139.691114,35.634585],[139.691534,35.634804],[139.69158,35.634828],[139.691653,35.634866],[139.691672,35.634876],[139.691712,35.634897],[139.691826,35.634957],[139.692871,35.635503],[139.692749,35.635561],[139.692679,35.635587],[139.692605,35.635605],[139.692404,35.635619],[139.692081,35.635628],[139.69206,35.635629],[139.691744,35.635637],[139.691334,35.635651],[139.690961,35.635651],[139.690848,35.635657],[139.690606,35.635689],[139.690525,35.635696],[139.689721,35.635845],[139.689666,35.63585],[139.689601,35.63585],[139.689576,35.635852],[139.689172,35.635885],[139.688854,35.635913],[139.688557,35.635961],[139.688453,35.635988],[139.688384,35.636026],[139.688179,35.636103],[139.68788,35.636196],[139.687789,35.636219],[139.687681,35.63625],[139.687365,35.636306]]]},"properties":{"KEY_CODE":"13110011002","S_NAME":"五本木二丁目","JINKO":4179,"SETAI":2453}},
{"type":"Feature","geometry":{"type":"Polygon","coordinates":[[[139.680898,35.628992],[139.681049,35.629064],[139.681832,35.629501],[139.682696,35.629992],[139.682945,35.630133],[139.683003,35.630159],[139.683094,35.630208],[139.683827,35.630634],[139.68449,35.630999],[139.684778,35.631152],[139.684784,35.631159],[139.685393,35.6315],[139.685607,35.631611],[139.685885,35.63177],[139.685907,35.631783],[139.686468,35.632097],[139.686616,35.63218],[139.686663,35.632491],[139.686708,35.632718],[139.686111,35.632883],[139.685792,35.633005],[139.68534,35.633178],[139.685052,35.633295],[139.684957,35.633327],[139.684675,35.633432],[139.684465,35.633509],[139.684328,35.633559],[139.683815,35.63375],[139.683684,35.633558],[139.68362,35.633484],[139.683408,35.633241],[139.683207,35.633016],[139.683154,35.632938],[139.682892,35.63249],[139.682751,35.632293],[139.68256,35.632032],[139.682314,35.631686],[139.682061,35.631336],[139.682039,35.63128],[139.681773,35.630846],[139.681572,35.630506],[139.681493,35.630371],[139.68135,35.630132],[139.681255,35.62995],[139.681114,35.629549],[139.68109,35.629465],[139.681049,35.629338],[139.680989,35.629121],[139.680898,35.628992]]]},"properties":{"KEY_CODE":"13110011003","S_NAME":"五本木三丁目","JINKO":2178,"SETAI":1234}},
{"type":"Feature","geometry":{"type":"Polygon","coordinates":[[[139.697407,35.638253],[139.697078,35.63841],[139.696675,35.638615],[139.696644,35.638629],[139.696334,35.638761],[139.696046,35.638898],[139.695843,35.639034],[139.695641,35.639316],[139.695458,35.639558],[139.695364,35.639658],[139.695207,35.639828],[139.695139,35.639901],[139.695037,35.639999],[139.694877,35.640157],[139.694629,35.640426],[139.694606,35.640469],[139.69449,35.640682],[139.694428,35.640902],[139.694274,35.640832],[139.693861,35.640582],[139.693634,35.640437],[139.693404,35.640273],[139.693189,35.640084],[139.693168,35.640036],[139.69289,35.639778],[139.692717,35.639601],[139.692478,35.639316],[139.692438,35.639239],[139.692362,35.639145],[139.69199,35.638721],[139.691563,35.638176],[139.691598,35.638184],[139.691941,35.638042],[139.69214,35.637994],[139.692515,35.637937],[139.692823,35.637904],[139.693044,35.637794],[139.693495,35.637752],[139.693871,35.637706],[139.693948,35.637704],[139.69413,35.637698],[139.694388,35.637691],[139.694459,35.637681],[139.694761,35.637618],[139.695252,35.637484],[139.695532,35.637373],[139.696018,35.637108],[139.696103,35.63705],[139.696646,35.637498],[139.696739,35.637553],[139.696841,35.637642],[139.696996,35.637801],[139.697504,35.638179],[139.697407,35.638253]]]},"properties":{"KEY_CODE":"13110012001","S_NAME":"祐天寺一丁目","JINKO":2457,"SETAI":1440}},
{"type":"Feature","geometry":{"type":"Polygon","coordinates":[[[139.692823,35.637904],[139.692515,35.637937],[139.69214,35.637994],[139.691941,35.638042],[139.691598,35.638184],[139.691387,35.637899],[139.691308,35.637811],[139.691106,35.637913],[139.690887,35.63759],[139.690621,35.637286],[139.69064,35.637283],[139.690581,35.637086],[139.690355,35.636824],[139.690191,35.636606],[139.69019,35.636569],[139.690265,35.636495],[139.689903,35.636064],[139.689721,35.635845],[139.690525,35.635696],[139.690606,35.635689],[139.690848,35.635657],[139.690961,35.635651],[139.691334,35.635651],[139.691744,35.635637],[139.69206,35.635629],[139.692081,35.635628],[139.692404,35.635619],[139.692605,35.635605],[139.692679,35.635587],[139.692749,35.635561],[139.692871,35.635503],[139.692927,35.635476],[139.693196,35.635598],[139.693584,35.635773],[139.693838,35.635894],[139.69421,35.636071],[139.694419,35.636171],[139.695219,35.636551],[139.695604,35.636726],[139.695855,35.63686],[139.696103,35.63705],[139.696018,35.637108],[139.695532,35.637373],[139.695252,35.637484],[139.694761,35.637618],[139.694459,35.637681],[139.694388,35.637691],[139.69413,35.637698],[139.693948,35.637704],[139.693871,35.637706],[139.693495,35.637752],[139.693044,35.637794],[139.692823,35.637904]]]},"properties":{"KEY_CODE":"13110012002","S_NAME":"祐天寺二丁目","JINKO":2149,"SETAI":1439}},
{"type":"Feature","geometry":{"type":"Polygon","coordinates":[[[139.692471,35.627273],[139.693186,35.62767],[139.693241,35.627692],[139.69333,35.627744],[139.693919,35.628061],[139.694328,35.628274],[139.694489,35.628347],[139.694603,35.628388],[139.695437,35.628632],[139.695869,35.628749],[139.695651,35.628901],[139.695245,35.629203],[139.69516,35.629267],[139.694923,35.629447],[139.694818,35.629529],[139.694601,35.629696],[139.69438,35.629891],[139.694263,35.63002],[139.693974,35.630361],[139.693861,35.63048],[139.693834,35.630514],[139.693735,35.630638],[139.693571,35.630851],[139.693083,35.630678],[139.692762,35.630537],[139.692736,35.630523],[139.692558,35.630431],[139.692511,35.630405],[139.692243,35.630257],[139.691969,35.630105],[139.691566,35.630016],[139.69147,35.629994],[139.691371,35.629963],[139.69121,35.629915],[139.690877,35.629798],[139.690563,35.629671],[139.690356,35.629585],[139.69033,35.629574],[139.689969,35.629525],[139.68979,35.629506],[139.689768,35.629223],[139.689734,35.629034],[139.689677,35.628736],[139.689668,35.628698],[139.689552,35.628094],[139.689538,35.628002],[139.689491,35.627741],[139.689429,35.627311],[139.689351,35.626904],[139.689819,35.626817],[139.689916,35.626845],[139.690241,35.626921],[139.690425,35.62696],[139.690754,35.627028],[139.690956,35.627071],[139.692067,35.627311],[139.692329,35.627326],[139.692471,35.627273]]]},"properties":{"KEY_CODE":"13110013001","S_NAME":"中央町一丁目","JINKO":3360,"SETAI":2085}},
{"type":"Feature","geometry":{"type":"Polygon","coordinates":[[[139.693574,35.630862],[139.693413,35.631108],[139.693348,35.631265],[139.693215,35.631521],[139.693126,35.6316],[139.69293,35.631798],[139.692763,35.631932],[139.692759,35.631935],[139.692467,35.632237],[139.692373,35.632319],[139.692135,35.632477],[139.691937,35.632579],[139.691878,35.632609],[139.691389,35.632845],[139.691229,35.632922],[139.691205,35.632933],[139.69105,35.633006],[139.690315,35.633358],[139.690142,35.633439],[139.689876,35.633566],[139.68951,35.633739],[139.689182,35.633565],[139.689089,35.633516],[139.688988,35.633467],[139.688697,35.6333],[139.688114,35.633008],[139.687937,35.632899],[139.687669,35.632764],[139.686616,35.63218],[139.686468,35.632097],[139.685907,35.631783],[139.685885,35.63177],[139.685607,35.631611],[139.685393,35.6315],[139.684784,35.631159],[139.684778,35.631152],[139.68449,35.630999],[139.683827,35.630634],[139.684091,35.630613],[139.68418,35.630616],[139.684454,35.63071],[139.684593,35.630771],[139.684653,35.630797],[139.684717,35.630809],[139.684734,35.630811],[139.685042,35.630842],[139.685101,35.630848],[139.685239,35.630871],[139.685619,35.630907],[139.685892,35.630917],[139.685945,35.630919],[139.685977,35.630917],[139.686335,35.630895],[139.686398,35.630886],[139.686425,35.630875],[139.686548,35.630799],[139.686596,35.630902],[139.687111,35.630845],[139.68713,35.630814],[139.687122,35.630645],[139.687136,35.630643],[139.687312,35.630644],[139.687476,35.630696],[139.687753,35.630772],[139.687928,35.630713],[139.688052,35.630629],[139.688361,35.630506],[139.688638,35.630427],[139.68887,35.630437],[139.688968,35.630435],[139.689202,35.630344],[139.689514,35.630296],[139.689739,35.63024],[139.689716,35.630014],[139.689707,35.629925],[139.689731,35.629779],[139.689698,35.629769],[139.689768,35.629508],[139.68979,35.629506],[139.689969,35.629525],[139.69033,35.629574],[139.690356,35.629585],[139.690563,35.629671],[139.690877,35.629798],[139.69121,35.629915],[139.691371,35.629963],[139.69147,35.629994],[139.691566,35.630016],[139.691969,35.630105],[139.692243,35.630257],[139.692511,35.630405],[139.692558,35.630431],[139.692736,35.630523],[139.692762,35.630537],[139.693083,35.630678],[139.693571,35.630851],[139.693574,35.630862]]]},"properties":{"KEY_CODE":"13110013002","S_NAME":"中央町二丁目","JINKO":4982,"SETAI":2749}},
{"type":"Feature","geometry":{"type":"Polygon","coordinates":[[[139.698872,35.6257],[139.69885,35.625841],[139.698759,35.625836],[139.698674,35.625864],[139.698516,35.625963],[139.698423,35.62605],[139.69833,35.626161],[139.698344,35.626187],[139.698272,35.626243],[139.698109,35.626462],[139.697921,35.626753],[139.697861,35.626854],[139.69783,35.626905],[139.697778,35.626951],[139.697464,35.627117],[139.697407,35.627134],[139.697252,35.627239],[139.696951,35.627437],[139.696708,35.627644],[139.696601,35.627724],[139.696507,35.627837],[139.696451,35.627904],[139.696373,35.628081],[139.696376,35.628115],[139.696382,35.62831],[139.696331,35.628404],[139.696265,35.62843],[139.696212,35.628451],[139.695987,35.628489],[139.695917,35.628749],[139.695869,35.628749],[139.695437,35.628632],[139.694603,35.628388],[139.694489,35.628347],[139.694328,35.628274],[139.693919,35.628061],[139.69333,35.627744],[139.693241,35.627692],[139.693536,35.62716],[139.693539,35.627156],[139.69368,35.626911],[139.693765,35.626762],[139.693782,35.626733],[139.69382,35.626666],[139.693997,35.626486],[139.694368,35.6262],[139.69467,35.625972],[139.694676,35.625972],[139.694757,35.62591],[139.695281,35.62552],[139.695453,35.625391],[139.695485,35.625367],[139.69573,35.625184],[139.695927,35.625036],[139.696186,35.624844],[139.696306,35.624931],[139.696216,35.624973],[139.696475,35.624999],[139.696665,35.625037],[139.696864,35.625105],[139.697063,35.625194],[139.697081,35.625222],[139.697106,35.625225],[139.697276,35.625256],[139.697368,35.625272],[139.697465,35.62527],[139.697664,35.625283],[139.697734,35.625274],[139.697806,35.625255],[139.697871,35.625196],[139.697902,35.625184],[139.697957,35.625206],[139.698078,35.625375],[139.698163,35.625432],[139.698205,35.625444],[139.698525,35.625535],[139.698573,35.625549],[139.698619,35.625574],[139.698681,35.625617],[139.698794,35.625676],[139.698872,35.6257]]]},"properties":{"KEY_CODE":"13110014001","S_NAME":"目黒本町一丁目","JINKO":3070,"SETAI":1537}},
{"type":"Feature","geometry":{"type":"Polygon","coordinates":[[[139.694676,35.625972],[139.69467,35.625972],[139.694368,35.6262],[139.693997,35.626486],[139.69382,35.626666],[139.693782,35.626733],[139.693765,35.626762],[139.69368,35.626911],[139.693539,35.627156],[139.693536,35.62716],[139.693241,35.627692],[139.693186,35.62767],[139.692471,35.627273],[139.69248,35.62726],[139.691138,35.62653],[139.690814,35.626359],[139.690623,35.626257],[139.690539,35.626211],[139.690359,35.626112],[139.690288,35.626073],[139.690077,35.625949],[139.689694,35.625756],[139.689625,35.625714],[139.689442,35.625614],[139.689354,35.625567],[139.689426,35.624902],[139.689435,35.624813],[139.689509,35.624122],[139.689528,35.623854],[139.689532,35.623801],[139.689563,35.623472],[139.68961,35.622922],[139.689628,35.622735],[139.689647,35.622415],[139.689697,35.622225],[139.689862,35.621971],[139.690577,35.622424],[139.690907,35.622636],[139.691184,35.622814],[139.691846,35.623242],[139.692212,35.623485],[139.692581,35.62372],[139.692906,35.623917],[139.692959,35.62396],[139.693622,35.624186],[139.693921,35.624287],[139.694473,35.624446],[139.694527,35.624453],[139.694899,35.624485],[139.695182,35.624539],[139.69524,35.62455],[139.695483,35.624578],[139.695491,35.624969],[139.695485,35.625367],[139.695453,35.625391],[139.695281,35.62552],[139.694757,35.62591],[139.694676,35.625972]]]},"properties":{"KEY_CODE":"13110014002","S_NAME":"目黒本町二丁目","JINKO":4669,"SETAI":2540}},
{"type":"Feature","geometry":{"type":"Polygon","coordinates":[[[139.702275,35.620206],[139.702341,35.620272],[139.702458,35.620416],[139.702516,35.620634],[139.702634,35.620847],[139.702847,35.62123],[139.702881,35.621376],[139.702847,35.621571],[139.702984,35.621615],[139.703096,35.621601],[139.703111,35.621663],[139.70308,35.621668],[139.703136,35.621716],[139.703266,35.621728],[139.703494,35.621713],[139.703593,35.621693],[139.703857,35.621672],[139.703934,35.621744],[139.704043,35.621956],[139.703942,35.622033],[139.703922,35.622057],[139.703557,35.622245],[139.703149,35.622421],[139.702846,35.622541],[139.702437,35.622752],[139.701981,35.623079],[139.70185,35.623161],[139.701742,35.623232],[139.701635,35.623304],[139.700958,35.623634],[139.700821,35.623675],[139.70054,35.623731],[139.700377,35.623757],[139.699979,35.62382],[139.699702,35.623904],[139.699517,35.623966],[139.699109,35.6241],[139.698745,35.624191],[139.69856,35.624242],[139.698348,35.624306],[139.698007,35.624568],[139.697861,35.624592],[139.697525,35.624618],[139.697317,35.624634],[139.697018,35.624683],[139.696687,35.624795],[139.696306,35.624931],[139.696186,35.624844],[139.696661,35.624489],[139.69754,35.623843],[139.697555,35.623829],[139.69845,35.623158],[139.698472,35.623142],[139.698712,35.622948],[139.699375,35.622451],[139.699723,35.62219],[139.699676,35.622198],[139.699704,35.622176],[139.700528,35.621548],[139.700632,35.62147],[139.701074,35.621138],[139.701196,35.621039],[139.701337,35.620928],[139.701372,35.620913],[139.701834,35.620555],[139.701838,35.620543],[139.702275,35.620206]]]},"properties":{"KEY_CODE":"13110014003","S_NAME":"目黒本町三丁目","JINKO":3073,"SETAI":1836}},
{"type":"Feature","geometry":{"type":"Polygon","coordinates":[[[139.699676,35.622198],[139.699723,35.62219],[139.699375,35.622451],[139.698712,35.622948],[139.698472,35.623142],[139.69845,35.623158],[139.697555,35.623829],[139.69754,35.623843],[139.696661,35.624489],[139.696186,35.624844],[139.695927,35.625036],[139.69573,35.625184],[139.695485,35.625367],[139.695491,35.624969],[139.695483,35.624578],[139.69524,35.62455],[139.695182,35.624539],[139.694899,35.624485],[139.694527,35.624453],[139.694473,35.624446],[139.693921,35.624287],[139.693622,35.624186],[139.692959,35.62396],[139.692906,35.623917],[139.692581,35.62372],[139.692212,35.623485],[139.692302,35.623184],[139.692527,35.622563],[139.692714,35.622031],[139.692806,35.621703],[139.692852,35.621559],[139.692803,35.6215],[139.692749,35.621448],[139.69259,35.621389],[139.69245,35.621267],[139.692392,35.621156],[139.692367,35.621093],[139.692341,35.620951],[139.692358,35.620831],[139.692465,35.620604],[139.692613,35.620396],[139.692749,35.62027],[139.69281,35.620254],[139.692922,35.620305],[139.693073,35.620608],[139.693129,35.620678],[139.693739,35.620882],[139.693776,35.620896],[139.693953,35.62096],[139.694059,35.620999],[139.694117,35.621021],[139.694517,35.621176],[139.69453,35.62118],[139.694549,35.621187],[139.694829,35.621299],[139.694976,35.621362],[139.695541,35.621602],[139.695816,35.62177],[139.695888,35.621815],[139.696194,35.622002],[139.696584,35.622165],[139.697179,35.622319],[139.697521,35.622394],[139.69753,35.622395],[139.697741,35.62239],[139.697887,35.622397],[139.69841,35.62238],[139.698421,35.622389],[139.698637,35.622364],[139.699123,35.62229],[139.699365,35.622252],[139.699676,35.622198]]]},"properties":{"KEY_CODE":"13110014004","S_NAME":"目黒本町四丁目","JINKO":4266,"SETAI":2155}},
{"type":"Feature","geometry":{"type":"Polygon","coordinates":[[[139.699676,35.622198],[139.699365,35.622252],[139.699123,35.62229],[139.698637,35.622364],[139.698421,35.622389],[139.69841,35.62238],[139.697887,35.622397],[139.697741,35.62239],[139.69753,35.622395],[139.697521,35.622394],[139.697522,35.62197],[139.697513,35.621646],[139.697514,35.621237],[139.697518,35.621125],[139.69751,35.620763],[139.697505,35.620548],[139.697502,35.620197],[139.697489,35.619529],[139.69749,35.619123],[139.697486,35.618963],[139.697466,35.61868],[139.697465,35.618441],[139.697464,35.618126],[139.697158,35.618152],[139.697596,35.617634],[139.69783,35.61736],[139.698086,35.617062],[139.698309,35.616801],[139.698525,35.616549],[139.698767,35.616298],[139.699026,35.616045],[139.69909,35.616055],[139.699316,35.616285],[139.699453,35.616417],[139.699523,35.616499],[139.699524,35.616501],[139.699984,35.617038],[139.699598,35.617203],[139.699891,35.617538],[139.700182,35.61786],[139.700746,35.618492],[139.70108,35.618869],[139.70121,35.619015],[139.701576,35.61943],[139.701787,35.619663],[139.701987,35.619885],[139.702102,35.620013],[139.702275,35.620206],[139.701838,35.620543],[139.701834,35.620555],[139.701372,35.620913],[139.701337,35.620928],[139.701196,35.621039],[139.701074,35.621138],[139.700632,35.62147],[139.700528,35.621548],[139.699704,35.622176],[139.699676,35.622198]]]},"properties":{"KEY_CODE":"13110014005","S_NAME":"目黒本町五丁目","JINKO":5425,"SETAI":3030}},
{"type":"Feature","geometry":{"type":"Polygon","coordinates":[[[139.697158,35.618152],[139.697464,35.618126],[139.697465,35.618441],[139.697466,35.61868],[139.697486,35.618963],[139.69749,35.619123],[139.697489,35.619529],[139.697502,35.620197],[139.697505,35.620548],[139.69751,35.620763],[139.697518,35.621125],[139.697514,35.621237],[139.697513,35.621646],[139.697522,35.62197],[139.697521,35.622394],[139.697179,35.622319],[139.696584,35.622165],[139.696194,35.622002],[139.695888,35.621815],[139.695816,35.62177],[139.695541,35.621602],[139.694976,35.621362],[139.694829,35.621299],[139.694549,35.621187],[139.69453,35.62118],[139.694517,35.621176],[139.694117,35.621021],[139.694059,35.620999],[139.693953,35.62096],[139.693776,35.620896],[139.693739,35.620882],[139.693129,35.620678],[139.693073,35.620608],[139.692922,35.620305],[139.69281,35.620254],[139.692855,35.620233],[139.692873,35.619806],[139.692873,35.619542],[139.692873,35.61938],[139.692873,35.619365],[139.692847,35.618863],[139.692838,35.618573],[139.692826,35.618291],[139.692812,35.617987],[139.693329,35.618016],[139.693625,35.618017],[139.693655,35.618018],[139.694293,35.618058],[139.694576,35.618068],[139.694747,35.618075],[139.6956,35.618119],[139.696127,35.61814],[139.696668,35.618156],[139.697053,35.61818],[139.697158,35.618152]]]},"properties":{"KEY_CODE":"13110014006","S_NAME":"目黒本町六丁目","JINKO":4410,"SETAI":2324}},
{"type":"Feature","geometry":{"type":"Polygon","coordinates":[[[139.699026,35.616045],[139.698767,35.616298],[139.698525,35.616549],[139.698309,35.616801],[139.698086,35.617062],[139.69783,35.61736],[139.697596,35.617634],[139.697158,35.618152],[139.697053,35.61818],[139.696668,35.618156],[139.696127,35.61814],[139.6956,35.618119],[139.694747,35.618075],[139.694576,35.618068],[139.694293,35.618058],[139.693655,35.618018],[139.693625,35.618017],[139.693329,35.618016],[139.692812,35.617987],[139.692817,35.617964],[139.692794,35.617607],[139.692799,35.617399],[139.692795,35.617295],[139.692773,35.616945],[139.69277,35.616914],[139.692746,35.616625],[139.692748,35.616602],[139.693585,35.616483],[139.693779,35.616462],[139.694209,35.616405],[139.694514,35.616362],[139.694628,35.616339],[139.69484,35.616306],[139.695668,35.616199],[139.695669,35.616176],[139.695717,35.616194],[139.695921,35.616019],[139.696215,35.615769],[139.696434,35.615599],[139.696916,35.615186],[139.697137,35.61501],[139.697236,35.614922],[139.697496,35.614691],[139.697741,35.614854],[139.697796,35.61489],[139.698304,35.615231],[139.698394,35.615345],[139.69842,35.615391],[139.698542,35.615563],[139.698706,35.615694],[139.699026,35.616045]]]},"properties":{"KEY_CODE":"13110015001","S_NAME":"原町一丁目","JINKO":3128,"SETAI":1902}},
{"type":"Feature","geometry":{"type":"Polygon","coordinates":[[[139.69355,35.613099],[139.693586,35.613128],[139.693179,35.613948],[139.693156,35.614013],[139.692836,35.614614],[139.692831,35.614625],[139.692699,35.614921],[139.692708,35.615689],[139.692709,35.615711],[139.692734,35.616258],[139.692748,35.616602],[139.692746,35.616625],[139.69277,35.616914],[139.692773,35.616945],[139.692795,35.617295],[139.692799,35.617399],[139.692794,35.617607],[139.692817,35.617964],[139.69234,35.617951],[139.692069,35.617938],[139.691833,35.617932],[139.69129,35.617909],[139.69075,35.617879],[139.690046,35.617847],[139.690112,35.617506],[139.690132,35.617397],[139.690249,35.616782],[139.690332,35.616038],[139.690401,35.615435],[139.690462,35.61497],[139.690499,35.614647],[139.690522,35.614434],[139.690592,35.613847],[139.690538,35.61352],[139.690546,35.613514],[139.691408,35.613399],[139.692128,35.613311],[139.692433,35.613274],[139.69355,35.613099]]]},"properties":{"KEY_CODE":"13110015002","S_NAME":"原町二丁目","JINKO":2495,"SETAI":1250}},
{"type":"Feature","geometry":{"type":"Polygon","coordinates":[[[139.697236,35.614922],[139.697137,35.61501],[139.696916,35.615186],[139.696434,35.615599],[139.696215,35.615769],[139.695921,35.616019],[139.695717,35.616194],[139.695669,35.616176],[139.695668,35.616199],[139.69484,35.616306],[139.694628,35.616339],[139.694514,35.616362],[139.694209,35.616405],[139.693779,35.616462],[139.693585,35.616483],[139.692748,35.616602],[139.692734,35.616258],[139.692709,35.615711],[139.692708,35.615689],[139.692699,35.614921],[139.692831,35.614625],[139.692836,35.614614],[139.693156,35.614013],[139.693179,35.613948],[139.693586,35.613128],[139.69355,35.613099],[139.693532,35.613009],[139.693473,35.612537],[139.693728,35.612541],[139.694082,35.612552],[139.694216,35.612545],[139.694261,35.612541],[139.694889,35.612542],[139.694908,35.612494],[139.695596,35.61248],[139.69567,35.612921],[139.695773,35.613619],[139.696005,35.613917],[139.696062,35.613991],[139.696393,35.614374],[139.697236,35.614922]]]},"properties":{"KEY_CODE":"13110016001","S_NAME":"洗足一丁目","JINKO":2830,"SETAI":1493}},
{"type":"Feature","geometry":{"type":"Polygon","coordinates":[[[139.695596,35.61248],[139.694908,35.612494],[139.694889,35.612542],[139.694261,35.612541],[139.694216,35.612545],[139.694082,35.612552],[139.693728,35.612541],[139.693473,35.612537],[139.693532,35.613009],[139.69355,35.613099],[139.692433,35.613274],[139.692128,35.613311],[139.691408,35.613399],[139.690546,35.613514],[139.690517,35.613389],[139.690413,35.612695],[139.69045,35.612686],[139.690338,35.61193],[139.690323,35.611939],[139.690272,35.611556],[139.690208,35.611193],[139.690244,35.611188],[139.690239,35.611117],[139.690279,35.611089],[139.690352,35.611173],[139.690387,35.611169],[139.690405,35.61126],[139.690537,35.611238],[139.690516,35.611151],[139.690581,35.611142],[139.69079,35.61116],[139.690797,35.611205],[139.691062,35.611157],[139.691031,35.611134],[139.691399,35.611092],[139.69168,35.610887],[139.692171,35.610536],[139.692233,35.610494],[139.692886,35.61002],[139.693343,35.609685],[139.693448,35.609616],[139.69355,35.609685],[139.693749,35.609553],[139.693866,35.609476],[139.693943,35.609402],[139.694225,35.609202],[139.694457,35.608975],[139.694968,35.608457],[139.695134,35.608198],[139.695201,35.608097],[139.695599,35.608138],[139.695556,35.6085],[139.695677,35.608508],[139.695612,35.609049],[139.695695,35.609055],[139.695628,35.609603],[139.695877,35.60963],[139.695923,35.610204],[139.695971,35.610768],[139.69586,35.611332],[139.695754,35.61187],[139.695694,35.611895],[139.695569,35.611985],[139.695596,35.61248]]]},"properties":{"KEY_CODE":"13110016002","S_NAME":"洗足二丁目","JINKO":2919,"SETAI":1582}},
{"type":"Feature","geometry":{"type":"Polygon","coordinates":[[[139.690208,35.611193],[139.690272,35.611556],[139.690323,35.611939],[139.690338,35.61193],[139.69045,35.612686],[139.690413,35.612695],[139.690517,35.613389],[139.690546,35.613514],[139.690538,35.61352],[139.690592,35.613847],[139.690522,35.614434],[139.690499,35.614647],[139.690462,35.61497],[139.690401,35.615435],[139.690332,35.616038],[139.690249,35.616782],[139.690132,35.617397],[139.690112,35.617506],[139.690046,35.617847],[139.689132,35.617784],[139.689099,35.617784],[139.688815,35.617783],[139.688282,35.617756],[139.688319,35.617688],[139.688525,35.617458],[139.688611,35.617274],[139.688634,35.617226],[139.688663,35.616864],[139.688612,35.616632],[139.68854,35.616422],[139.688473,35.616135],[139.688418,35.615903],[139.688312,35.615458],[139.688269,35.615414],[139.688119,35.61522],[139.687928,35.614973],[139.687555,35.614535],[139.687287,35.614211],[139.687087,35.613921],[139.686995,35.613798],[139.686823,35.613567],[139.686755,35.613422],[139.68662,35.61331],[139.68667,35.613242],[139.687362,35.612827],[139.687756,35.612599],[139.687774,35.612578],[139.688019,35.61242],[139.688051,35.6124],[139.688131,35.612348],[139.688401,35.612167],[139.689026,35.611757],[139.689546,35.611398],[139.689747,35.611269],[139.689895,35.611251],[139.690208,35.611193]]]},"properties":{"KEY_CODE":"13110017001","S_NAME":"南一丁目","JINKO":2907,"SETAI":1512}},
{"type":"Feature","geometry":{"type":"Polygon","coordinates":[[[139.68662,35.61331],[139.686755,35.613422],[139.686823,35.613567],[139.686995,35.613798],[139.687087,35.613921],[139.687287,35.614211],[139.687555,35.614535],[139.687928,35.614973],[139.688119,35.61522],[139.688269,35.615414],[139.688312,35.615458],[139.688418,35.615903],[139.688473,35.616135],[139.68854,35.616422],[139.688612,35.616632],[139.688663,35.616864],[139.688634,35.617226],[139.688611,35.617274],[139.688525,35.617458],[139.688319,35.617688],[139.688238,35.617649],[139.688029,35.617516],[139.687803,35.617406],[139.686929,35.617088],[139.686494,35.616928],[139.685671,35.616632],[139.685515,35.616573],[139.684966,35.616373],[139.684079,35.616051],[139.683554,35.615867],[139.683319,35.615775],[139.683689,35.615486],[139.68411,35.615157],[139.684285,35.615034],[139.684375,35.61497],[139.684456,35.614912],[139.684575,35.614828],[139.684749,35.614703],[139.685022,35.614506],[139.685214,35.614367],[139.685282,35.614317],[139.685907,35.613841],[139.68594,35.613816],[139.686267,35.613572],[139.686313,35.613538],[139.68662,35.61331]]]},"properties":{"KEY_CODE":"13110017002","S_NAME":"南二丁目","JINKO":2611,"SETAI":1219}},
{"type":"Feature","geometry":{"type":"Polygon","coordinates":[[[139.687756,35.612599],[139.687362,35.612827],[139.68667,35.613242],[139.68662,35.61331],[139.686313,35.613538],[139.686267,35.613572],[139.68594,35.613816],[139.685907,35.613841],[139.685282,35.614317],[139.685214,35.614367],[139.685022,35.614506],[139.684749,35.614703],[139.684575,35.614828],[139.684456,35.614912],[139.684375,35.61497],[139.684285,35.615034],[139.68411,35.615157],[139.683689,35.615486],[139.683319,35.615775],[139.683192,35.615743],[139.683504,35.615158],[139.683574,35.614987],[139.683691,35.614706],[139.683837,35.614281],[139.683852,35.614239],[139.683992,35.613838],[139.684085,35.613542],[139.684126,35.613522],[139.684231,35.613086],[139.684385,35.613097],[139.684398,35.613032],[139.684472,35.613042],[139.684512,35.612938],[139.684523,35.612863],[139.68458,35.612867],[139.684689,35.612744],[139.684755,35.612681],[139.684936,35.612508],[139.685053,35.612443],[139.685091,35.612415],[139.68509,35.612403],[139.685088,35.612323],[139.685312,35.612236],[139.685399,35.612205],[139.685389,35.612087],[139.68555,35.611977],[139.685828,35.611804],[139.685852,35.611786],[139.686071,35.611709],[139.686176,35.611682],[139.686739,35.611625],[139.686964,35.611651],[139.687466,35.611517],[139.687733,35.611378],[139.68781,35.611353],[139.688603,35.611233],[139.688745,35.611232],[139.689173,35.611281],[139.689286,35.611285],[139.689375,35.611283],[139.689747,35.611269],[139.689546,35.611398],[139.689026,35.611757],[139.688401,35.612167],[139.688131,35.612348],[139.688051,35.6124],[139.688019,35.61242],[139.687774,35.612578],[139.687756,35.612599]]]},"properties":{"KEY_CODE":"13110017003","S_NAME":"南三丁目","JINKO":2139,"SETAI":1161}},
{"type":"Feature","geometry":{"type":"Polygon","coordinates":[[[139.688282,35.617756],[139.688815,35.617783],[139.689099,35.617784],[139.689132,35.617784],[139.690046,35.617847],[139.69075,35.617879],[139.69129,35.617909],[139.691833,35.617932],[139.692069,35.617938],[139.69234,35.617951],[139.692817,35.617964],[139.692812,35.617987],[139.692826,35.618291],[139.692838,35.618573],[139.692847,35.618863],[139.692873,35.619365],[139.692873,35.61938],[139.692873,35.619542],[139.692873,35.619806],[139.692855,35.620233],[139.69281,35.620254],[139.692749,35.62027],[139.692613,35.620396],[139.692465,35.620604],[139.692358,35.620831],[139.692341,35.620951],[139.692367,35.621093],[139.692392,35.621156],[139.69245,35.621267],[139.69259,35.621389],[139.692749,35.621448],[139.692803,35.6215],[139.692852,35.621559],[139.692806,35.621703],[139.692714,35.622031],[139.692527,35.622563],[139.692302,35.623184],[139.692212,35.623485],[139.691846,35.623242],[139.691184,35.622814],[139.690907,35.622636],[139.690577,35.622424],[139.689862,35.621971],[139.689335,35.621629],[139.689019,35.621418],[139.688962,35.62138],[139.688182,35.620859],[139.687274,35.620311],[139.686653,35.619916],[139.686657,35.619912],[139.687065,35.619476],[139.687324,35.619189],[139.687569,35.618939],[139.687555,35.618922],[139.687921,35.618335],[139.687943,35.618309],[139.68815,35.617979],[139.688269,35.617779],[139.688282,35.617756]]]},"properties":{"KEY_CODE":"13110018001","S_NAME":"碑文谷一丁目","JINKO":4155,"SETAI":1822}},
{"type":"Feature","geometry":{"type":"Polygon","coordinates":[[[139.686653,35.619916],[139.687274,35.620311],[139.688182,35.620859],[139.688962,35.62138],[139.689019,35.621418],[139.689335,35.621629],[139.689862,35.621971],[139.689697,35.622225],[139.689647,35.622415],[139.689628,35.622735],[139.68961,35.622922],[139.689563,35.623472],[139.689532,35.623801],[139.689528,35.623854],[139.689509,35.624122],[139.689435,35.624813],[139.689426,35.624902],[139.689354,35.625567],[139.688581,35.625145],[139.688302,35.624987],[139.688148,35.6249],[139.687436,35.624498],[139.687434,35.624498],[139.68709,35.624308],[139.686838,35.624181],[139.68677,35.624131],[139.685639,35.62351],[139.685597,35.623487],[139.684832,35.623037],[139.684662,35.622947],[139.684826,35.62241],[139.684978,35.621971],[139.685147,35.621641],[139.685236,35.621477],[139.685429,35.621204],[139.68555,35.621053],[139.685656,35.620941],[139.685814,35.620803],[139.686128,35.620465],[139.686653,35.619916]]]},"properties":{"KEY_CODE":"13110018002","S_NAME":"碑文谷二丁目","JINKO":3280,"SETAI":1599}},
{"type":"Feature","geometry":{"type":"Polygon","coordinates":[[[139.683319,35.615775],[139.683554,35.615867],[139.684079,35.616051],[139.684966,35.616373],[139.685515,35.616573],[139.685671,35.616632],[139.686494,35.616928],[139.686929,35.617088],[139.687803,35.617406],[139.688029,35.617516],[139.688238,35.617649],[139.688319,35.617688],[139.688282,35.617756],[139.688269,35.617779],[139.68815,35.617979],[139.687943,35.618309],[139.687921,35.618335],[139.687555,35.618922],[139.687569,35.618939],[139.687324,35.619189],[139.687065,35.619476],[139.686657,35.619912],[139.685932,35.619529],[139.685313,35.619204],[139.684795,35.618942],[139.684094,35.618589],[139.683786,35.61843],[139.683593,35.618332],[139.683534,35.618295],[139.683117,35.618072],[139.682851,35.617926],[139.682222,35.617587],[139.682557,35.617034],[139.682671,35.616843],[139.682886,35.616478],[139.682994,35.616295],[139.683237,35.615881],[139.683319,35.615775]]]},"properties":{"KEY_CODE":"13110018003","S_NAME":"碑文谷三丁目","JINKO":2307,"SETAI":1097}},
{"type":"Feature","geometry":{"type":"Polygon","coordinates":[[[139.682851,35.617926],[139.683117,35.618072],[139.683534,35.618295],[139.683593,35.618332],[139.683786,35.61843],[139.684094,35.618589],[139.684795,35.618942],[139.685313,35.619204],[139.685932,35.619529],[139.686657,35.619912],[139.686653,35.619916],[139.686128,35.620465],[139.685814,35.620803],[139.685656,35.620941],[139.68555,35.621053],[139.685429,35.621204],[139.685236,35.621477],[139.685147,35.621641],[139.684978,35.621971],[139.684826,35.62241],[139.684662,35.622947],[139.683635,35.622375],[139.683514,35.622303],[139.683278,35.622169],[139.682923,35.621966],[139.682671,35.621816],[139.682633,35.6218],[139.682052,35.621475],[139.681742,35.621298],[139.681469,35.621147],[139.681065,35.620919],[139.680851,35.62081],[139.680669,35.620653],[139.68058,35.620548],[139.680461,35.620409],[139.680423,35.620387],[139.680396,35.620375],[139.680423,35.620309],[139.680667,35.61993],[139.680739,35.619816],[139.680749,35.619801],[139.680902,35.619559],[139.681005,35.619386],[139.681042,35.619322],[139.681068,35.619279],[139.681072,35.619273],[139.681156,35.619181],[139.681359,35.618916],[139.681463,35.61878],[139.681626,35.618519],[139.681692,35.618413],[139.681712,35.61838],[139.681854,35.618149],[139.681865,35.618131],[139.682198,35.61763],[139.682222,35.617587],[139.682851,35.617926]]]},"properties":{"KEY_CODE":"13110018004","S_NAME":"碑文谷四丁目","JINKO":2542,"SETAI":1296}},
{"type":"Feature","geometry":{"type":"Polygon","coordinates":[[[139.679442,35.62526],[139.679401,35.625039],[139.679093,35.625096],[139.678693,35.625245],[139.678304,35.625295],[139.678199,35.625317],[139.678326,35.625085],[139.67859,35.624624],[139.678599,35.624603],[139.679015,35.623768],[139.67902,35.623759],[139.67915,35.623453],[139.679389,35.622985],[139.679398,35.622951],[139.679513,35.622674],[139.679663,35.622259],[139.67972,35.6221],[139.679846,35.621727],[139.679923,35.621526],[139.680106,35.62108],[139.680159,35.620953],[139.680219,35.620806],[139.680396,35.620375],[139.680423,35.620387],[139.680461,35.620409],[139.68058,35.620548],[139.680669,35.620653],[139.680851,35.62081],[139.681065,35.620919],[139.681469,35.621147],[139.681742,35.621298],[139.682052,35.621475],[139.682633,35.6218],[139.682671,35.621816],[139.682923,35.621966],[139.683278,35.622169],[139.683514,35.622303],[139.683635,35.622375],[139.684662,35.622947],[139.684832,35.623037],[139.685597,35.623487],[139.685639,35.62351],[139.68677,35.624131],[139.686838,35.624181],[139.686664,35.624244],[139.685652,35.62449],[139.684921,35.624627],[139.68467,35.62467],[139.683936,35.624788],[139.683765,35.624821],[139.683694,35.624835],[139.683483,35.624875],[139.683005,35.62496],[139.682868,35.624992],[139.681337,35.62511],[139.6811,35.625129],[139.681057,35.625132],[139.680426,35.625181],[139.679909,35.625219],[139.679442,35.62526]]]},"properties":{"KEY_CODE":"13110018005","S_NAME":"碑文谷五丁目","JINKO":3578,"SETAI":2110}},
{"type":"Feature","geometry":{"type":"Polygon","coordinates":[[[139.684921,35.624627],[139.685098,35.625379],[139.685207,35.625888],[139.685218,35.625941],[139.685277,35.626212],[139.685357,35.62655],[139.685381,35.626651],[139.6854,35.626731],[139.68549,35.627144],[139.685245,35.627168],[139.684659,35.627229],[139.684472,35.627248],[139.684305,35.627287],[139.684146,35.627324],[139.683589,35.627421],[139.683273,35.627479],[139.682523,35.627611],[139.68149,35.627781],[139.681052,35.627856],[139.681043,35.627858],[139.680444,35.627966],[139.680132,35.627315],[139.67992,35.626819],[139.679896,35.626768],[139.679762,35.626438],[139.679659,35.626159],[139.679644,35.626126],[139.679579,35.625984],[139.67949,35.625713],[139.679442,35.62526],[139.679909,35.625219],[139.680426,35.625181],[139.681057,35.625132],[139.6811,35.625129],[139.681337,35.62511],[139.682868,35.624992],[139.683005,35.62496],[139.683483,35.624875],[139.683694,35.624835],[139.683765,35.624821],[139.683936,35.624788],[139.68467,35.62467],[139.684921,35.624627]]]},"properties":{"KEY_CODE":"13110018006","S_NAME":"碑文谷六丁目","JINKO":1841,"SETAI":975}},
{"type":"Feature","geometry":{"type":"Polygon","coordinates":[[[139.691138,35.62653],[139.69248,35.62726],[139.692471,35.627273],[139.692329,35.627326],[139.692067,35.627311],[139.690956,35.627071],[139.690754,35.627028],[139.690425,35.62696],[139.690241,35.626921],[139.689916,35.626845],[139.689819,35.626817],[139.689351,35.626904],[139.689133,35.626943],[139.688746,35.627012],[139.688488,35.627055],[139.687817,35.626995],[139.687525,35.626969],[139.686945,35.627019],[139.686652,35.627045],[139.686042,35.627097],[139.686,35.6271],[139.68549,35.627144],[139.6854,35.626731],[139.685381,35.626651],[139.685357,35.62655],[139.685277,35.626212],[139.685218,35.625941],[139.685207,35.625888],[139.685098,35.625379],[139.684921,35.624627],[139.685652,35.62449],[139.686664,35.624244],[139.686838,35.624181],[139.68709,35.624308],[139.687434,35.624498],[139.687436,35.624498],[139.688148,35.6249],[139.688302,35.624987],[139.688581,35.625145],[139.689354,35.625567],[139.689442,35.625614],[139.689625,35.625714],[139.689694,35.625756],[139.690077,35.625949],[139.690288,35.626073],[139.690359,35.626112],[139.690539,35.626211],[139.690623,35.626257],[139.690814,35.626359],[139.691138,35.62653]]]},"properties":{"KEY_CODE":"13110019001","S_NAME":"鷹番一丁目","JINKO":2676,"SETAI":1503}},
{"type":"Feature","geometry":{"type":"Polygon","coordinates":[[[139.689514,35.630296],[139.689202,35.630344],[139.688968,35.630435],[139.68887,35.630437],[139.688638,35.630427],[139.688361,35.630506],[139.688052,35.630629],[139.687928,35.630713],[139.687753,35.630772],[139.687476,35.630696],[139.687312,35.630644],[139.687136,35.630643],[139.687122,35.630645],[139.68713,35.630814],[139.687111,35.630845],[139.686596,35.630902],[139.686548,35.630799],[139.686425,35.630875],[139.68632,35.63071],[139.686139,35.630428],[139.686075,35.630327],[139.685845,35.629968],[139.686138,35.629907],[139.686135,35.629711],[139.686089,35.629195],[139.686069,35.628985],[139.685963,35.628663],[139.685833,35.628247],[139.685777,35.628088],[139.685703,35.627845],[139.68568,35.627762],[139.685576,35.627393],[139.68549,35.627144],[139.686,35.6271],[139.686042,35.627097],[139.686652,35.627045],[139.686945,35.627019],[139.687525,35.626969],[139.687817,35.626995],[139.688488,35.627055],[139.688746,35.627012],[139.689133,35.626943],[139.689351,35.626904],[139.689429,35.627311],[139.689491,35.627741],[139.689538,35.628002],[139.689552,35.628094],[139.689668,35.628698],[139.689677,35.628736],[139.689734,35.629034],[139.689768,35.629223],[139.68979,35.629506],[139.689768,35.629508],[139.689698,35.629769],[139.689731,35.629779],[139.689707,35.629925],[139.689716,35.630014],[139.689739,35.63024],[139.689514,35.630296]]]},"properties":{"KEY_CODE":"13110019002","S_NAME":"鷹番二丁目","JINKO":3229,"SETAI":2046}},
{"type":"Feature","geometry":{"type":"Polygon","coordinates":[[[139.68549,35.627144],[139.685576,35.627393],[139.68568,35.627762],[139.685703,35.627845],[139.685777,35.628088],[139.685833,35.628247],[139.685963,35.628663],[139.686069,35.628985],[139.686089,35.629195],[139.686135,35.629711],[139.686138,35.629907],[139.685845,35.629968],[139.686075,35.630327],[139.686139,35.630428],[139.68632,35.63071],[139.686425,35.630875],[139.686398,35.630886],[139.686335,35.630895],[139.685977,35.630917],[139.685945,35.630919],[139.685892,35.630917],[139.685619,35.630907],[139.685239,35.630871],[139.685101,35.630848],[139.685042,35.630842],[139.684734,35.630811],[139.684717,35.630809],[139.684653,35.630797],[139.684593,35.630771],[139.684454,35.63071],[139.68418,35.630616],[139.684091,35.630613],[139.683827,35.630634],[139.683094,35.630208],[139.683003,35.630159],[139.682945,35.630133],[139.682696,35.629992],[139.681832,35.629501],[139.681049,35.629064],[139.680898,35.628992],[139.680834,35.628865],[139.680745,35.628718],[139.680615,35.628386],[139.680444,35.627966],[139.681043,35.627858],[139.681052,35.627856],[139.68149,35.627781],[139.682523,35.627611],[139.683273,35.627479],[139.683589,35.627421],[139.684146,35.627324],[139.684305,35.627287],[139.684472,35.627248],[139.684659,35.627229],[139.685245,35.627168],[139.68549,35.627144]]]},"properties":{"KEY_CODE":"13110019003","S_NAME":"鷹番三丁目","JINKO":3236,"SETAI":2117}},
{"type":"Feature","geometry":{"type":"Polygon","coordinates":[[[139.682222,35.617587],[139.682198,35.61763],[139.681865,35.618131],[139.681854,35.618149],[139.681712,35.61838],[139.681692,35.618413],[139.681626,35.618519],[139.681463,35.61878],[139.681359,35.618916],[139.681156,35.619181],[139.681072,35.619273],[139.681068,35.619279],[139.681042,35.619322],[139.681005,35.619386],[139.680902,35.619559],[139.680749,35.619801],[139.680739,35.619816],[139.680667,35.61993],[139.680423,35.620309],[139.680396,35.620375],[139.680231,35.620295],[139.68016,35.620261],[139.680122,35.62024],[139.679739,35.620032],[139.679538,35.61994],[139.678896,35.619627],[139.678824,35.619588],[139.678092,35.619277],[139.677871,35.619208],[139.677756,35.619172],[139.677354,35.618719],[139.677297,35.618655],[139.677035,35.618321],[139.676279,35.617483],[139.676259,35.617488],[139.675963,35.617174],[139.675954,35.617123],[139.67666,35.616683],[139.676999,35.616472],[139.677347,35.616269],[139.677506,35.616161],[139.677639,35.616051],[139.677783,35.61587],[139.677857,35.615732],[139.677997,35.61575],[139.678871,35.61586],[139.679069,35.615481],[139.679649,35.61577],[139.680029,35.615931],[139.680635,35.616216],[139.681073,35.616406],[139.681418,35.616555],[139.682557,35.617034],[139.682222,35.617587]]]},"properties":{"KEY_CODE":"13110020001","S_NAME":"平町一丁目","JINKO":3915,"SETAI":2146}},
{"type":"Feature","geometry":{"type":"Polygon","coordinates":[[[139.683574,35.614987],[139.683504,35.615158],[139.683192,35.615743],[139.683319,35.615775],[139.683237,35.615881],[139.682994,35.616295],[139.682886,35.616478],[139.682671,35.616843],[139.682557,35.617034],[139.681418,35.616555],[139.681073,35.616406],[139.680635,35.616216],[139.680029,35.615931],[139.679649,35.61577],[139.679069,35.615481],[139.678871,35.61586],[139.677997,35.61575],[139.677857,35.615732],[139.678051,35.615265],[139.678186,35.614959],[139.678486,35.614235],[139.67859,35.61396],[139.678633,35.613838],[139.678745,35.613527],[139.678926,35.613018],[139.679579,35.613152],[139.679684,35.613182],[139.679898,35.613212],[139.680254,35.613224],[139.680423,35.613217],[139.680445,35.613217],[139.680586,35.613224],[139.680887,35.613187],[139.681079,35.61317],[139.681393,35.613192],[139.681607,35.613203],[139.681871,35.613163],[139.682195,35.613174],[139.682336,35.613204],[139.682898,35.613276],[139.683019,35.613323],[139.683191,35.613362],[139.683409,35.613423],[139.683661,35.613476],[139.683881,35.613523],[139.684085,35.613542],[139.683992,35.613838],[139.683852,35.614239],[139.683837,35.614281],[139.683691,35.614706],[139.683574,35.614987]]]},"properties":{"KEY_CODE":"13110020002","S_NAME":"平町二丁目","JINKO":3406,"SETAI":1797}},
{"type":"Feature","geometry":{"type":"Polygon","coordinates":[[[139.684231,35.613086],[139.684126,35.613522],[139.684085,35.613542],[139.683881,35.613523],[139.683661,35.613476],[139.683409,35.613423],[139.683191,35.613362],[139.683019,35.613323],[139.682898,35.613276],[139.682336,35.613204],[139.682195,35.613174],[139.681871,35.613163],[139.681607,35.613203],[139.681393,35.613192],[139.681079,35.61317],[139.680887,35.613187],[139.680586,35.613224],[139.680445,35.613217],[139.680423,35.613217],[139.680254,35.613224],[139.679898,35.613212],[139.679684,35.613182],[139.679579,35.613152],[139.678926,35.613018],[139.67923,35.612173],[139.679404,35.611651],[139.679588,35.611113],[139.679748,35.610617],[139.679814,35.610428],[139.679846,35.610292],[139.679854,35.61006],[139.679829,35.609746],[139.679764,35.609448],[139.679705,35.609094],[139.679693,35.608988],[139.679717,35.60886],[139.679801,35.608529],[139.680548,35.608628],[139.68057,35.608636],[139.681088,35.60869],[139.681094,35.60869],[139.681132,35.608694],[139.681501,35.608731],[139.681607,35.608739],[139.681866,35.608764],[139.682085,35.608789],[139.682482,35.608836],[139.682725,35.608866],[139.682865,35.608883],[139.683213,35.608908],[139.683353,35.608918],[139.683896,35.608974],[139.684297,35.609024],[139.684419,35.609033],[139.68484,35.609065],[139.684784,35.609572],[139.684758,35.609765],[139.684645,35.610011],[139.684618,35.610089],[139.684576,35.610259],[139.684566,35.610523],[139.684561,35.610755],[139.684512,35.611082],[139.684463,35.611442],[139.684434,35.61174],[139.684408,35.611974],[139.684366,35.612355],[139.684351,35.612456],[139.684323,35.61267],[139.684249,35.613],[139.684232,35.61308],[139.684231,35.613086]]]},"properties":{"KEY_CODE":"13110021001","S_NAME":"大岡山一丁目","JINKO":5371,"SETAI":2692}},
{"type":"Feature","geometry":{"type":"Polygon","coordinates":[[[139.68068,35.604158],[139.680903,35.604204],[139.681023,35.604235],[139.681096,35.604206],[139.681158,35.604157],[139.681624,35.604181],[139.681922,35.604197],[139.681915,35.604235],[139.682235,35.604245],[139.682209,35.604049],[139.682652,35.603995],[139.682839,35.604073],[139.682844,35.604071],[139.682889,35.60402],[139.68283,35.603911],[139.682825,35.603904],[139.68263,35.603647],[139.682718,35.603375],[139.682789,35.603364],[139.682819,35.603368],[139.682869,35.603222],[139.682893,35.603141],[139.682824,35.603051],[139.683001,35.602675],[139.683024,35.602627],[139.68341,35.602443],[139.683434,35.602432],[139.683661,35.60236],[139.683877,35.602306],[139.684197,35.602261],[139.684297,35.602248],[139.684458,35.603255],[139.684524,35.603667],[139.684588,35.604071],[139.684694,35.604675],[139.68474,35.6049],[139.684801,35.605197],[139.684987,35.606384],[139.685098,35.606932],[139.685101,35.60708],[139.685091,35.607278],[139.685043,35.607469],[139.684937,35.607544],[139.684908,35.607621],[139.684801,35.607758],[139.68477,35.607816],[139.684773,35.608051],[139.68478,35.608106],[139.684784,35.608132],[139.684827,35.608565],[139.684855,35.60875],[139.68484,35.609065],[139.684419,35.609033],[139.684297,35.609024],[139.683896,35.608974],[139.683353,35.608918],[139.683213,35.608908],[139.682865,35.608883],[139.682725,35.608866],[139.682482,35.608836],[139.682085,35.608789],[139.681866,35.608764],[139.681607,35.608739],[139.681501,35.608731],[139.681132,35.608694],[139.681094,35.60869],[139.681088,35.60869],[139.68057,35.608636],[139.680548,35.608628],[139.679801,35.608529],[139.679885,35.608114],[139.67999,35.607583],[139.680181,35.606697],[139.680221,35.60649],[139.680173,35.606221],[139.680148,35.606223],[139.680147,35.606132],[139.6802,35.605898],[139.680366,35.605511],[139.680493,35.605209],[139.680575,35.604977],[139.6806,35.604867],[139.680638,35.604517],[139.68068,35.604158]]]},"properties":{"KEY_CODE":"13110021002","S_NAME":"大岡山二丁目","JINKO":1388,"SETAI":787}},
{"type":"Feature","geometry":{"type":"Polygon","coordinates":[[[139.678926,35.613018],[139.678463,35.612904],[139.677818,35.61275],[139.677454,35.612649],[139.676923,35.612459],[139.676638,35.612336],[139.676311,35.612265],[139.675972,35.612294],[139.67591,35.611497],[139.675912,35.611277],[139.675877,35.610904],[139.67587,35.610707],[139.675852,35.61052],[139.675795,35.609859],[139.675782,35.609696],[139.67577,35.609561],[139.675746,35.609565],[139.675692,35.608938],[139.675776,35.608434],[139.675866,35.608413],[139.676104,35.608396],[139.676428,35.608313],[139.676614,35.608239],[139.676644,35.608227],[139.676905,35.608161],[139.6771,35.60807],[139.677185,35.608007],[139.677326,35.607783],[139.67743,35.607669],[139.677517,35.607579],[139.677696,35.607451],[139.677841,35.607274],[139.678353,35.606854],[139.678415,35.606758],[139.678924,35.606636],[139.679139,35.606565],[139.679669,35.606389],[139.680148,35.606223],[139.680173,35.606221],[139.680221,35.60649],[139.680181,35.606697],[139.67999,35.607583],[139.679885,35.608114],[139.679801,35.608529],[139.679717,35.60886],[139.679693,35.608988],[139.679705,35.609094],[139.679764,35.609448],[139.679829,35.609746],[139.679854,35.61006],[139.679846,35.610292],[139.679814,35.610428],[139.679748,35.610617],[139.679588,35.611113],[139.679404,35.611651],[139.67923,35.612173],[139.678926,35.613018]]]},"properties":{"KEY_CODE":"13110022001","S_NAME":"緑が丘一丁目","JINKO":3264,"SETAI":1701}},
{"type":"Feature","geometry":{"type":"Polygon","coordinates":[[[139.675776,35.608434],[139.675692,35.608938],[139.675746,35.609565],[139.67577,35.609561],[139.675782,35.609696],[139.675795,35.609859],[139.675852,35.61052],[139.67587,35.610707],[139.675877,35.610904],[139.675912,35.611277],[139.67591,35.611497],[139.675972,35.612294],[139.675568,35.61239],[139.675054,35.612481],[139.674069,35.612662],[139.67376,35.612713],[139.673299,35.612803],[139.67279,35.612901],[139.672262,35.613005],[139.672128,35.613027],[139.671757,35.61259],[139.67156,35.612291],[139.671571,35.612216],[139.671571,35.612123],[139.671499,35.610844],[139.671462,35.61023],[139.671447,35.609766],[139.671418,35.609193],[139.671417,35.609161],[139.671368,35.608367],[139.671355,35.608194],[139.671346,35.607812],[139.671328,35.607519],[139.671512,35.607583],[139.67161,35.607629],[139.671883,35.607698],[139.671939,35.607712],[139.672124,35.607753],[139.672364,35.607806],[139.672687,35.607909],[139.672794,35.607971],[139.673018,35.608092],[139.673274,35.608199],[139.673434,35.608234],[139.673738,35.608246],[139.67391,35.608192],[139.673941,35.608179],[139.674203,35.608187],[139.674345,35.608207],[139.674637,35.608264],[139.674672,35.60827],[139.674804,35.60829],[139.675034,35.608321],[139.675067,35.608336],[139.675451,35.608491],[139.675688,35.608457],[139.675776,35.608434]]]},"properties":{"KEY_CODE":"13110022002","S_NAME":"緑が丘二丁目","JINKO":3293,"SETAI":1765}},
{"type":"Feature","geometry":{"type":"Polygon","coordinates":[[[139.678415,35.606758],[139.678633,35.606552],[139.678676,35.606515],[139.678705,35.606443],[139.678818,35.606196],[139.679259,35.605888],[139.679315,35.605802],[139.679369,35.605689],[139.679468,35.605495],[139.679502,35.605356],[139.679522,35.605126],[139.679564,35.604777],[139.679606,35.604428],[139.679662,35.604011],[139.679685,35.603843],[139.67939,35.603816],[139.679403,35.603711],[139.679701,35.603737],[139.679737,35.603554],[139.679912,35.603576],[139.67997,35.603126],[139.680176,35.603141],[139.680177,35.603138],[139.68018,35.603106],[139.68024,35.602559],[139.680252,35.602321],[139.68028,35.602014],[139.680195,35.601866],[139.680218,35.601736],[139.680247,35.601093],[139.680273,35.600607],[139.680346,35.600599],[139.680786,35.600553],[139.681103,35.600649],[139.681152,35.600663],[139.681103,35.600718],[139.680771,35.601105],[139.680687,35.601384],[139.680669,35.60148],[139.680676,35.601615],[139.680755,35.602249],[139.680811,35.602686],[139.680827,35.602998],[139.68082,35.603212],[139.680794,35.603325],[139.680725,35.603685],[139.680638,35.604126],[139.68068,35.604158],[139.680638,35.604517],[139.6806,35.604867],[139.680575,35.604977],[139.680493,35.605209],[139.680366,35.605511],[139.6802,35.605898],[139.680147,35.606132],[139.680148,35.606223],[139.679669,35.606389],[139.679139,35.606565],[139.678924,35.606636],[139.678415,35.606758]]]},"properties":{"KEY_CODE":"13110022003","S_NAME":"緑が丘三丁目","JINKO":914,"SETAI":518}},
{"type":"Feature","geometry":{"type":"Polygon","coordinates":[[[139.668109,35.606542],[139.668373,35.606541],[139.668468,35.606549],[139.668663,35.606596],[139.668862,35.606652],[139.66986,35.606972],[139.670557,35.607203],[139.670838,35.607319],[139.67095,35.607368],[139.671003,35.60741],[139.671328,35.607519],[139.671346,35.607812],[139.671355,35.608194],[139.671368,35.608367],[139.671417,35.609161],[139.671418,35.609193],[139.671447,35.609766],[139.671462,35.61023],[139.671499,35.610844],[139.671571,35.612123],[139.671571,35.612216],[139.67156,35.612291],[139.671757,35.61259],[139.672128,35.613027],[139.671909,35.613085],[139.671758,35.613129],[139.671239,35.613281],[139.670976,35.613355],[139.670822,35.613401],[139.670307,35.613556],[139.669877,35.613662],[139.669535,35.613733],[139.669289,35.61377],[139.669089,35.613786],[139.668663,35.613807],[139.668614,35.613166],[139.668571,35.612477],[139.66857,35.612467],[139.668509,35.611664],[139.668508,35.611655],[139.668496,35.611487],[139.668456,35.610983],[139.668396,35.610213],[139.668364,35.609788],[139.668328,35.609313],[139.668282,35.60871],[139.668282,35.608704],[139.66822,35.60794],[139.668256,35.607887],[139.668165,35.607168],[139.668109,35.606542]]]},"properties":{"KEY_CODE":"13110023001","S_NAME":"自由が丘一丁目","JINKO":2659,"SETAI":1511}},
{"type":"Feature","geometry":{"type":"Polygon","coordinates":[[[139.668109,35.606542],[139.668165,35.607168],[139.668256,35.607887],[139.66822,35.60794],[139.668282,35.608704],[139.668282,35.60871],[139.668328,35.609313],[139.668364,35.609788],[139.668396,35.610213],[139.668456,35.610983],[139.668496,35.611487],[139.668508,35.611655],[139.668509,35.611664],[139.66857,35.612467],[139.668571,35.612477],[139.668614,35.613166],[139.668663,35.613807],[139.668227,35.61387],[139.668053,35.613908],[139.667692,35.613995],[139.667662,35.614003],[139.667499,35.614105],[139.667395,35.61408],[139.667039,35.613994],[139.666484,35.613924],[139.665402,35.61385],[139.665446,35.613477],[139.665495,35.61306],[139.665575,35.612399],[139.665671,35.611715],[139.665676,35.610889],[139.665694,35.610329],[139.665693,35.609608],[139.665656,35.609231],[139.665617,35.60897],[139.665552,35.608459],[139.665521,35.608162],[139.665474,35.607799],[139.665444,35.607574],[139.665403,35.607259],[139.665503,35.607218],[139.665869,35.607092],[139.6662,35.606983],[139.666618,35.606855],[139.666991,35.606743],[139.667295,35.606642],[139.667603,35.606575],[139.66773,35.606562],[139.668109,35.606542]]]},"properties":{"KEY_CODE":"13110023002","S_NAME":"自由が丘二丁目","JINKO":2701,"SETAI":1440}},
{"type":"Feature","geometry":{"type":"Polygon","coordinates":[[[139.665402,35.61385],[139.664983,35.613821],[139.664713,35.613802],[139.66455,35.613795],[139.663742,35.613823],[139.663255,35.613843],[139.662837,35.613858],[139.662806,35.613767],[139.662769,35.613362],[139.662729,35.612945],[139.662654,35.612528],[139.66317,35.612528],[139.663332,35.612528],[139.663225,35.612415],[139.663104,35.612338],[139.663101,35.612283],[139.66299,35.612283],[139.662908,35.612283],[139.662902,35.612211],[139.662713,35.612093],[139.662674,35.612071],[139.662855,35.612064],[139.662848,35.611918],[139.662824,35.611916],[139.662842,35.611801],[139.663019,35.61179],[139.663062,35.611859],[139.663105,35.611883],[139.663164,35.611842],[139.663242,35.611788],[139.663483,35.611774],[139.663459,35.611641],[139.663292,35.611555],[139.663277,35.611534],[139.663264,35.611443],[139.663265,35.611248],[139.663177,35.611245],[139.663169,35.610866],[139.663176,35.610841],[139.663244,35.610743],[139.663302,35.610615],[139.663305,35.610561],[139.663862,35.609967],[139.664012,35.609857],[139.66402,35.609653],[139.664013,35.609655],[139.663507,35.609765],[139.663417,35.609511],[139.663331,35.609516],[139.663258,35.60927],[139.663056,35.609273],[139.663049,35.609193],[139.663209,35.609161],[139.66317,35.609041],[139.663453,35.608974],[139.663309,35.608518],[139.663594,35.60835],[139.664464,35.607821],[139.66487,35.607583],[139.66495,35.607535],[139.665403,35.607259],[139.665444,35.607574],[139.665474,35.607799],[139.665521,35.608162],[139.665552,35.608459],[139.665617,35.60897],[139.665656,35.609231],[139.665693,35.609608],[139.665694,35.610329],[139.665676,35.610889],[139.665671,35.611715],[139.665575,35.612399],[139.665495,35.61306],[139.665446,35.613477],[139.665402,35.61385]]]},"properties":{"KEY_CODE":"13110023003","S_NAME":"自由が丘三丁目","JINKO":2342,"SETAI":1203}},
{"type":"Feature","geometry":{"type":"Polygon","coordinates":[[[139.675954,35.617123],[139.675963,35.617174],[139.676259,35.617488],[139.676279,35.617483],[139.677035,35.618321],[139.677297,35.618655],[139.677354,35.618719],[139.677756,35.619172],[139.677517,35.619094],[139.67717,35.618953],[139.67692,35.618846],[139.676925,35.618838],[139.676455,35.618635],[139.675702,35.618322],[139.675584,35.6183],[139.675467,35.618239],[139.675245,35.618167],[139.674841,35.617967],[139.674658,35.617859],[139.674476,35.617739],[139.674138,35.61755],[139.673948,35.617431],[139.673907,35.617405],[139.673645,35.61724],[139.673443,35.617113],[139.673396,35.617085],[139.672709,35.616641],[139.672591,35.616565],[139.672397,35.616438],[139.672372,35.616421],[139.671633,35.615934],[139.670928,35.615493],[139.670725,35.615391],[139.67036,35.615237],[139.670044,35.615104],[139.669754,35.614982],[139.669705,35.614964],[139.669108,35.614742],[139.668983,35.614696],[139.668521,35.61451],[139.668193,35.614379],[139.667499,35.614105],[139.667662,35.614003],[139.667692,35.613995],[139.668053,35.613908],[139.668227,35.61387],[139.668663,35.613807],[139.669089,35.613786],[139.669289,35.61377],[139.669535,35.613733],[139.669877,35.613662],[139.670307,35.613556],[139.670822,35.613401],[139.670976,35.613355],[139.671239,35.613281],[139.671758,35.613129],[139.671909,35.613085],[139.672128,35.613027],[139.672262,35.613202],[139.672924,35.613941],[139.673043,35.614074],[139.673093,35.614096],[139.673288,35.614298],[139.673525,35.614506],[139.673772,35.614785],[139.674286,35.615334],[139.674447,35.615517],[139.675146,35.616278],[139.675618,35.616783],[139.675729,35.616913],[139.675928,35.617138],[139.675954,35.617123]]]},"properties":{"KEY_CODE":"13110024001","S_NAME":"中根一丁目","JINKO":3332,"SETAI":1833}},
{"type":"Feature","geometry":{"type":"Polygon","coordinates":[[[139.675972,35.612294],[139.676311,35.612265],[139.676638,35.612336],[139.676923,35.612459],[139.677454,35.612649],[139.677818,35.61275],[139.678463,35.612904],[139.678926,35.613018],[139.678745,35.613527],[139.678633,35.613838],[139.67859,35.61396],[139.678486,35.614235],[139.678186,35.614959],[139.678051,35.615265],[139.677857,35.615732],[139.677783,35.61587],[139.677639,35.616051],[139.677506,35.616161],[139.677347,35.616269],[139.676999,35.616472],[139.67666,35.616683],[139.675954,35.617123],[139.675928,35.617138],[139.675729,35.616913],[139.675618,35.616783],[139.675146,35.616278],[139.674447,35.615517],[139.674286,35.615334],[139.673772,35.614785],[139.673525,35.614506],[139.673288,35.614298],[139.673093,35.614096],[139.673043,35.614074],[139.672924,35.613941],[139.672262,35.613202],[139.672128,35.613027],[139.672262,35.613005],[139.67279,35.612901],[139.673299,35.612803],[139.67376,35.612713],[139.674069,35.612662],[139.675054,35.612481],[139.675568,35.61239],[139.675972,35.612294]]]},"properties":{"KEY_CODE":"13110024002","S_NAME":"中根二丁目","JINKO":4020,"SETAI":2375}},
{"type":"Feature","geometry":{"type":"Polygon","coordinates":[[[139.675467,35.618239],[139.675584,35.6183],[139.675702,35.618322],[139.676455,35.618635],[139.676925,35.618838],[139.67692,35.618846],[139.67717,35.618953],[139.677517,35.619094],[139.677756,35.619172],[139.677871,35.619208],[139.678092,35.619277],[139.678824,35.619588],[139.678896,35.619627],[139.679538,35.61994],[139.679739,35.620032],[139.680122,35.62024],[139.68016,35.620261],[139.680231,35.620295],[139.680396,35.620375],[139.680219,35.620806],[139.680159,35.620953],[139.680106,35.62108],[139.679923,35.621526],[139.679846,35.621727],[139.67972,35.6221],[139.679663,35.622259],[139.679513,35.622674],[139.679398,35.622951],[139.679389,35.622985],[139.67915,35.623453],[139.67902,35.623759],[139.679015,35.623768],[139.67882,35.623732],[139.678166,35.623636],[139.677882,35.623581],[139.677504,35.623449],[139.67702,35.623304],[139.677009,35.6233],[139.676395,35.623101],[139.676102,35.623007],[139.675653,35.622883],[139.675189,35.622779],[139.67499,35.622737],[139.674485,35.62263],[139.673983,35.62252],[139.673934,35.622509],[139.673553,35.622432],[139.673962,35.621391],[139.674309,35.620496],[139.674425,35.620331],[139.674671,35.619524],[139.674889,35.618829],[139.674948,35.618768],[139.675467,35.618239]]]},"properties":{"KEY_CODE":"13110025001","S_NAME":"柿の木坂一丁目","JINKO":4147,"SETAI":2165}},
{"type":"Feature","geometry":{"type":"Polygon","coordinates":[[[139.678304,35.625295],[139.67824,35.625396],[139.678214,35.62544],[139.677873,35.625964],[139.677813,35.626057],[139.67767,35.626264],[139.677479,35.626544],[139.677397,35.626663],[139.677203,35.626936],[139.677095,35.627056],[139.6768,35.627324],[139.676581,35.627476],[139.675729,35.62727],[139.675241,35.62712],[139.674936,35.627043],[139.674164,35.626846],[139.67354,35.626692],[139.673094,35.626581],[139.672198,35.626351],[139.672446,35.6256],[139.672541,35.62533],[139.672697,35.624884],[139.672707,35.624859],[139.672961,35.624141],[139.673245,35.62332],[139.673417,35.622836],[139.673443,35.622762],[139.673549,35.622466],[139.673553,35.622432],[139.673934,35.622509],[139.673983,35.62252],[139.674485,35.62263],[139.67499,35.622737],[139.675189,35.622779],[139.675653,35.622883],[139.676102,35.623007],[139.676395,35.623101],[139.677009,35.6233],[139.67702,35.623304],[139.677504,35.623449],[139.677882,35.623581],[139.678166,35.623636],[139.67882,35.623732],[139.679015,35.623768],[139.678599,35.624603],[139.67859,35.624624],[139.678326,35.625085],[139.678199,35.625317],[139.678304,35.625295]]]},"properties":{"KEY_CODE":"13110025002","S_NAME":"柿の木坂二丁目","JINKO":3977,"SETAI":1911}},
{"type":"Feature","geometry":{"type":"Polygon","coordinates":[[[139.672198,35.626351],[139.673094,35.626581],[139.67354,35.626692],[139.674164,35.626846],[139.674936,35.627043],[139.675241,35.62712],[139.675729,35.62727],[139.676581,35.627476],[139.67645,35.627559],[139.676226,35.627686],[139.676129,35.62774],[139.675759,35.627947],[139.675209,35.628254],[139.674909,35.628421],[139.674378,35.628689],[139.674296,35.62873],[139.673855,35.628953],[139.673402,35.62918],[139.673094,35.629335],[139.672777,35.629495],[139.672508,35.629651],[139.672389,35.629723],[139.672157,35.629475],[139.67212,35.629416],[139.672001,35.629182],[139.671931,35.628972],[139.671844,35.62868],[139.671688,35.628212],[139.671688,35.628188],[139.671666,35.627949],[139.671887,35.627277],[139.672039,35.626824],[139.672198,35.626351]]]},"properties":{"KEY_CODE":"13110025003","S_NAME":"柿の木坂三丁目","JINKO":1562,"SETAI":759}},
{"type":"Feature","geometry":{"type":"Polygon","coordinates":[[[139.673962,35.621391],[139.673553,35.622432],[139.673095,35.622315],[139.672655,35.622203],[139.67179,35.621987],[139.671109,35.621797],[139.671103,35.621805],[139.670245,35.621573],[139.670253,35.621569],[139.670642,35.620569],[139.671018,35.619649],[139.67141,35.619224],[139.671454,35.619111],[139.671543,35.618879],[139.671695,35.618562],[139.6717,35.618562],[139.672144,35.617996],[139.671971,35.617767],[139.671899,35.617689],[139.671711,35.61754],[139.671933,35.617238],[139.672219,35.616828],[139.672267,35.616753],[139.672372,35.616421],[139.672397,35.616438],[139.672591,35.616565],[139.672709,35.616641],[139.673396,35.617085],[139.673443,35.617113],[139.673645,35.61724],[139.673907,35.617405],[139.673948,35.617431],[139.674138,35.61755],[139.674476,35.617739],[139.674658,35.617859],[139.674841,35.617967],[139.675245,35.618167],[139.675467,35.618239],[139.674948,35.618768],[139.674889,35.618829],[139.674671,35.619524],[139.674425,35.620331],[139.674309,35.620496],[139.673962,35.621391]]]},"properties":{"KEY_CODE":"13110026001","S_NAME":"八雲一丁目","JINKO":2625,"SETAI":1477}},
{"type":"Feature","geometry":{"type":"Polygon","coordinates":[[[139.669705,35.614964],[139.669754,35.614982],[139.670044,35.615104],[139.67036,35.615237],[139.670725,35.615391],[139.670928,35.615493],[139.671633,35.615934],[139.672372,35.616421],[139.672267,35.616753],[139.672219,35.616828],[139.671933,35.617238],[139.671711,35.61754],[139.671899,35.617689],[139.671971,35.617767],[139.672144,35.617996],[139.6717,35.618562],[139.671695,35.618562],[139.671543,35.618879],[139.671454,35.619111],[139.67141,35.619224],[139.671018,35.619649],[139.670642,35.620569],[139.670253,35.621569],[139.670245,35.621573],[139.669321,35.621255],[139.668555,35.620992],[139.667925,35.620772],[139.667866,35.620752],[139.667136,35.6205],[139.667507,35.619709],[139.66788,35.618923],[139.667881,35.61892],[139.668197,35.618223],[139.66849,35.617601],[139.668495,35.617592],[139.668776,35.61698],[139.668781,35.616971],[139.668996,35.616519],[139.668999,35.616511],[139.669218,35.616029],[139.669425,35.615575],[139.669428,35.615569],[139.669514,35.615377],[139.669582,35.615228],[139.669705,35.614964]]]},"properties":{"KEY_CODE":"13110026002","S_NAME":"八雲二丁目","JINKO":3439,"SETAI":1649}},
{"type":"Feature","geometry":{"type":"Polygon","coordinates":[[[139.669582,35.615228],[139.669514,35.615377],[139.669428,35.615569],[139.669425,35.615575],[139.669218,35.616029],[139.668999,35.616511],[139.668996,35.616519],[139.668781,35.616971],[139.668776,35.61698],[139.668495,35.617592],[139.66849,35.617601],[139.668197,35.618223],[139.667881,35.61892],[139.66788,35.618923],[139.667507,35.619709],[139.667136,35.6205],[139.666828,35.620395],[139.666256,35.6202],[139.66586,35.620059],[139.665996,35.61984],[139.666014,35.619802],[139.666093,35.619629],[139.666116,35.619579],[139.666206,35.619373],[139.666282,35.619199],[139.666387,35.618584],[139.665573,35.618493],[139.6648,35.618377],[139.664503,35.617694],[139.664378,35.617434],[139.664745,35.616831],[139.66458,35.61679],[139.664493,35.616772],[139.6645,35.616744],[139.664512,35.6167],[139.664519,35.616675],[139.664522,35.616663],[139.664549,35.616574],[139.664575,35.616438],[139.664251,35.616382],[139.664095,35.616212],[139.664005,35.616178],[139.664024,35.615998],[139.664058,35.615859],[139.663776,35.615758],[139.663616,35.615756],[139.663341,35.615647],[139.66333,35.615571],[139.663329,35.615452],[139.663223,35.615353],[139.663216,35.61517],[139.663209,35.615079],[139.663207,35.615049],[139.663068,35.615061],[139.662967,35.614532],[139.662946,35.614489],[139.66291,35.614268],[139.662848,35.613979],[139.662837,35.613858],[139.663255,35.613843],[139.663742,35.613823],[139.66455,35.613795],[139.664713,35.613802],[139.664983,35.613821],[139.665402,35.61385],[139.666484,35.613924],[139.667039,35.613994],[139.667395,35.61408],[139.667499,35.614105],[139.668193,35.614379],[139.668521,35.61451],[139.668983,35.614696],[139.669108,35.614742],[139.669705,35.614964],[139.669582,35.615228]]]},"properties":{"KEY_CODE":"13110026003","S_NAME":"八雲三丁目","JINKO":4131,"SETAI":1946}},
{"type":"Feature","geometry":{"type":"Polygon","coordinates":[[[139.670245,35.621573],[139.671103,35.621805],[139.671109,35.621797],[139.67179,35.621987],[139.672655,35.622203],[139.673095,35.622315],[139.673553,35.622432],[139.673549,35.622466],[139.673443,35.622762],[139.673417,35.622836],[139.673245,35.62332],[139.672961,35.624141],[139.672707,35.624859],[139.672697,35.624884],[139.672541,35.62533],[139.672446,35.6256],[139.672198,35.626351],[139.671827,35.626255],[139.671822,35.626254],[139.671137,35.626079],[139.670307,35.625871],[139.670295,35.625868],[139.669487,35.625661],[139.669468,35.625655],[139.668753,35.625473],[139.668992,35.624986],[139.669135,35.624695],[139.669409,35.624063],[139.669744,35.623299],[139.669994,35.622474],[139.670245,35.621573]]]},"properties":{"KEY_CODE":"13110026004","S_NAME":"八雲四丁目","JINKO":2141,"SETAI":982}},
{"type":"Feature","geometry":{"type":"Polygon","coordinates":[[[139.669135,35.624695],[139.668992,35.624986],[139.668753,35.625473],[139.668725,35.625477],[139.668732,35.625467],[139.667796,35.625228],[139.66681,35.624976],[139.665891,35.624742],[139.665878,35.624739],[139.665512,35.624679],[139.665019,35.624548],[139.664909,35.624518],[139.664873,35.624531],[139.6639,35.624271],[139.664324,35.623543],[139.664523,35.62321],[139.664628,35.623045],[139.664729,35.62294],[139.665168,35.622592],[139.665316,35.622607],[139.665328,35.622584],[139.665482,35.622246],[139.665561,35.622061],[139.66565,35.621843],[139.665919,35.621911],[139.666088,35.62177],[139.665958,35.621666],[139.665947,35.621663],[139.665912,35.62166],[139.665875,35.621656],[139.665766,35.621559],[139.665772,35.621543],[139.666022,35.621371],[139.666089,35.62122],[139.66644,35.620895],[139.666358,35.620834],[139.665856,35.620852],[139.665717,35.620398],[139.66586,35.620059],[139.666256,35.6202],[139.666828,35.620395],[139.667136,35.6205],[139.667866,35.620752],[139.667925,35.620772],[139.668555,35.620992],[139.669321,35.621255],[139.670245,35.621573],[139.669994,35.622474],[139.669744,35.623299],[139.669409,35.624063],[139.669135,35.624695]]]},"properties":{"KEY_CODE":"13110026005","S_NAME":"八雲五丁目","JINKO":2881,"SETAI":1304}},
{"type":"Feature","geometry":{"type":"Polygon","coordinates":[[[139.672198,35.626351],[139.672039,35.626824],[139.671887,35.627277],[139.671666,35.627949],[139.671688,35.628188],[139.671688,35.628212],[139.671844,35.62868],[139.671931,35.628972],[139.672001,35.629182],[139.67212,35.629416],[139.672157,35.629475],[139.672389,35.629723],[139.67216,35.629881],[139.671935,35.629888],[139.67191,35.629896],[139.671464,35.630036],[139.671381,35.630064],[139.670933,35.630216],[139.67077,35.630277],[139.670656,35.63032],[139.670406,35.630413],[139.670035,35.630522],[139.669934,35.630551],[139.669909,35.630559],[139.669682,35.630629],[139.669481,35.630689],[139.669242,35.63074],[139.669175,35.630755],[139.668735,35.630857],[139.668071,35.631134],[139.66773,35.631261],[139.667361,35.631302],[139.667147,35.631328],[139.666711,35.631458],[139.666475,35.631529],[139.666291,35.631585],[139.666253,35.631591],[139.665753,35.631664],[139.665203,35.63182],[139.664966,35.631889],[139.66462,35.63199],[139.664586,35.631873],[139.664581,35.631703],[139.66468,35.631372],[139.664822,35.630936],[139.665199,35.630372],[139.665628,35.629788],[139.665647,35.629769],[139.666052,35.629214],[139.666156,35.629073],[139.66622,35.628987],[139.666492,35.628614],[139.666521,35.628573],[139.666983,35.628493],[139.66699,35.628455],[139.667049,35.628156],[139.667124,35.627773],[139.667153,35.627626],[139.667167,35.627557],[139.667304,35.627612],[139.667323,35.62762],[139.667338,35.627598],[139.667349,35.627581],[139.667579,35.627228],[139.667578,35.627221],[139.667562,35.627149],[139.667555,35.62712],[139.667658,35.626958],[139.667816,35.626729],[139.668084,35.626319],[139.668145,35.626318],[139.66846,35.625856],[139.668725,35.625477],[139.668753,35.625473],[139.669468,35.625655],[139.669487,35.625661],[139.670295,35.625868],[139.670307,35.625871],[139.671137,35.626079],[139.671822,35.626254],[139.671827,35.626255],[139.672198,35.626351]]]},"properties":{"KEY_CODE":"13110027001","S_NAME":"東が丘一丁目","JINKO":4596,"SETAI":2091}},
{"type":"Feature","geometry":{"type":"Polygon","coordinates":[[[139.668725,35.625477],[139.66846,35.625856],[139.668145,35.626318],[139.668084,35.626319],[139.667816,35.626729],[139.667658,35.626958],[139.667555,35.62712],[139.667562,35.627149],[139.667578,35.627221],[139.667579,35.627228],[139.667349,35.627581],[139.667338,35.627598],[139.667323,35.62762],[139.667304,35.627612],[139.667167,35.627557],[139.667153,35.627626],[139.667124,35.627773],[139.667049,35.628156],[139.66699,35.628455],[139.666983,35.628493],[139.666521,35.628573],[139.666492,35.628614],[139.66622,35.628987],[139.666156,35.629073],[139.666052,35.629214],[139.665647,35.629769],[139.665628,35.629788],[139.665199,35.630372],[139.664822,35.630936],[139.66468,35.631372],[139.664581,35.631703],[139.664586,35.631873],[139.66462,35.63199],[139.664304,35.632027],[139.663642,35.632096],[139.66353,35.632101],[139.662895,35.632055],[139.662495,35.632043],[139.662295,35.632007],[139.661609,35.631948],[139.661744,35.631665],[139.661834,35.631503],[139.661893,35.631398],[139.661962,35.631268],[139.662201,35.630823],[139.662488,35.630285],[139.662345,35.62952],[139.66231,35.629375],[139.662148,35.629138],[139.66216,35.629012],[139.662185,35.62886],[139.662196,35.628793],[139.662213,35.628683],[139.66201,35.62804],[139.661841,35.627956],[139.662684,35.627455],[139.662802,35.627349],[139.662921,35.627294],[139.66305,35.627296],[139.663127,35.627271],[139.663464,35.62695],[139.663505,35.626867],[139.663556,35.62669],[139.663669,35.626386],[139.663787,35.625563],[139.663852,35.625273],[139.663918,35.624854],[139.663844,35.624518],[139.663776,35.624491],[139.6639,35.624271],[139.664873,35.624531],[139.664909,35.624518],[139.665019,35.624548],[139.665512,35.624679],[139.665878,35.624739],[139.665891,35.624742],[139.66681,35.624976],[139.667796,35.625228],[139.668732,35.625467],[139.668725,35.625477]]]},"properties":{"KEY_CODE":"13110027002","S_NAME":"東が丘二丁目","JINKO":3077,"SETAI":1689}}
]}